Player,Pos,Squad,MP,Starts,Min,90s,Gls,Ast,G+A,G-PK,PK,PKatt,CrdY,CrdR,xG,npxG,xAG,npxG+xAG,PrgC,PrgP,PrgR,Gls.1,Ast.1,G+A.1,G-PK.1,G+A-PK,xG.1,xAG.1,xG+xAG,npxG.1,npxG+xAG.1,Matches,fair_score,fair_rank,pos_rel_score,pos_rel_rank
Max Aarons,DF,Bournemouth,3,1,86,1,0,0,0,0,0,0,0,0,0,0,0,0,1,8,3,0,0,0,0,,,,,,,,0.0,297.0,0.0,93.5
Joshua Acheampong,DF,Chelsea,4,2,170,1.9,0,0,0,0,0,0,1,0,0.2,0.2,0,0.2,0,8,0,0,0,0,0,,,,,,,,0.0,297.0,0.0,93.5
Tyler Adams,MF,Bournemouth,28,21,"1,965",21.8,0,3,3,0,0,0,7,0,1.6,1.6,1,2.6,14,76,10,0,0.14,0.14,0,,,,,,,,0.0,297.0,0.0,56.5
Tosin Adarabioyo,DF,Chelsea,22,15,"1,409",15.7,1,1,2,1,0,0,4,0,0.9,0.9,0.2,1.2,5,42,1,0.06,0.06,0.13,0.06,,,,,,,,0.0,297.0,0.0,93.5
Simon Adingra,"FW,MF",Brighton,29,12,"1,097",12.2,2,2,4,2,0,0,0,0,2.5,2.5,2.5,4.9,50,18,136,0.16,0.16,0.33,0.16,,,,,,,,0.0,297.0,0.0,30.5
Emmanuel Agbadou,DF,Wolves,16,16,"1,410",15.7,1,0,1,1,0,0,3,0,0.8,0.8,0.2,1.1,6,31,2,0.06,0,0.06,0.06,,,,,,,,0.0,297.0,0.0,93.5
Asher Agbinone,MF,Crystal Palace,2,0,6,0.1,0,0,0,0,0,0,0,0,0,0,0,0.1,2,0,1,0,0,0,0,,,,,,,,0.0,297.0,0.0,56.5
Ola Aina,DF,Nott'ham Forest,35,35,"2,995",33.3,2,1,3,2,0,0,5,0,0.6,0.6,1.4,2.1,67,107,67,0.06,0.03,0.09,0.06,,,,,,,,0.0,297.0,0.0,93.5
Rayan Aït-Nouri,DF,Wolves,37,37,"3,109",34.5,4,7,11,4,0,0,7,1,2.7,2.7,5.5,8.2,89,108,176,0.12,0.2,0.32,0.12,,,,,,,,0.0,297.0,0.0,93.5
Kristoffer Ajer,DF,Brentford,24,17,"1,438",16,0,0,0,0,0,0,5,0,1,1,1.2,2.2,27,56,44,0,0,0,0,,,,,,,,0.0,297.0,0.0,93.5
Manuel Akanji,DF,Manchester City,26,23,"2,014",22.4,0,0,0,0,0,0,3,0,1.6,1.6,0.4,1.9,46,158,7,0,0,0,0,,,,,,,,0.0,297.0,0.0,93.5
Nathan Aké,DF,Manchester City,10,8,678,7.5,0,0,0,0,0,0,0,0,0.2,0.2,0,0.2,12,50,2,0,0,0,0,,,,,,,,0.0,297.0,0.0,93.5
Carlos Alcaraz,MF,Southampton,1,0,10,0.1,0,0,0,0,0,0,0,0,0.1,0.1,0.1,0.2,4,6,1,0,0,0,0,,,,,,,,0.0,297.0,0.0,56.5
Carlos Alcaraz,"FW,MF",Everton,15,7,764,8.5,2,3,5,2,0,0,4,0,1.7,1.7,1.6,3.4,19,42,21,0.24,0.35,0.59,0.24,,,,,,,,0.0,297.0,0.0,30.5
Trent Alexander-Arnold,DF,Liverpool,33,28,"2,365",26.3,3,6,9,3,0,0,5,0,1.9,1.9,7.3,9.2,51,232,94,0.11,0.23,0.34,0.11,,,,,,,,0.0,297.0,0.0,93.5
Alisson,GK,Liverpool,28,28,"2,508",27.9,0,0,0,0,0,0,0,0,0,0,0.6,0.6,0,1,0,0,0,0,0,,,,,,,,0.0,297.0,0.0,22.5
Miguel Almirón,FW,Newcastle Utd,9,1,157,1.7,0,0,0,0,0,0,0,0,0.5,0.5,0.3,0.8,3,6,18,0,0,0,0,,,,,,,,0.0,297.0,0.0,43.0
Olabade Aluko,DF,Leicester City,1,0,2,0,0,0,0,0,0,0,0,0,0,0,0,0,0,0,0,0,0,0,0,,,,,,,,0.0,297.0,0.0,93.5
Edson Álvarez,MF,West Ham,28,20,"1,772",19.7,0,1,1,0,0,0,9,1,0.4,0.4,0.8,1.2,24,85,18,0,0.05,0.05,0,,,,,,,,0.0,297.0,0.0,56.5
Will Alves,FW,Leicester City,1,0,1,0,0,0,0,0,0,0,0,0,0,0,0,0,0,0,1,0,0,0,0,,,,,,,,0.0,297.0,0.0,43.0
Harry Amass,DF,Manchester Utd,5,4,346,3.8,0,0,0,0,0,0,0,0,0.1,0.1,0,0.1,9,7,23,0,0,0,0,,,,,,,,0.0,297.0,0.0,93.5
Samuel Amo-Ameyaw,"FW,DF",Southampton,2,0,28,0.3,0,0,0,0,0,0,1,0,0,0,0.1,0.1,1,0,3,0,0,0,0,,,,,,,,0.0,297.0,0.0,4.0
Mathis Amougou,MF,Chelsea,1,0,8,0.1,0,0,0,0,0,0,0,0,0,0,0,0,0,1,0,0,0,0,0,,,,,,,,0.0,297.0,0.0,56.5
Joachim Andersen,DF,Crystal Palace,1,1,90,1,0,0,0,0,0,0,1,0,0,0,0,0,1,4,1,0,0,0,0,,,,,,,,0.0,297.0,0.0,93.5
Joachim Andersen,DF,Fulham,29,29,"2,583",28.7,0,0,0,0,0,0,6,1,1,1,0.5,1.5,16,112,2,0,0,0,0,,,,,,,,0.0,297.0,0.0,93.5
Elliot Anderson,MF,Nott'ham Forest,37,33,"2,728",30.3,2,6,8,2,0,0,10,0,2.1,2.1,3.3,5.4,52,143,94,0.07,0.2,0.26,0.07,,,,,,,,0.0,297.0,0.0,56.5
André,MF,Wolves,33,31,"2,472",27.5,0,0,0,0,0,0,7,0,0.4,0.4,0.8,1.3,10,109,11,0,0,0,0,,,,,,,,0.0,297.0,0.0,56.5
Michail Antonio,FW,West Ham,14,11,836,9.3,1,1,2,1,0,0,1,0,2.2,2.2,1.6,3.8,29,18,59,0.11,0.11,0.22,0.11,,,,,,,,0.0,297.0,0.0,43.0
Antony,"DF,MF",Manchester Utd,8,0,141,1.6,0,0,0,0,0,0,0,0,1,1,0.1,1.1,5,6,7,0,0,0,0,,,,,,,,0.0,297.0,0.0,8.5
Julian Araujo,DF,Bournemouth,12,7,497,5.5,0,0,0,0,0,0,2,0,0,0,0.1,0.1,4,14,22,0,0,0,0,,,,,,,,0.0,297.0,0.0,93.5
Cameron Archer,FW,Southampton,35,13,"1,441",16,2,0,2,2,0,1,0,0,5.7,4.9,0.5,5.4,22,14,66,0.12,0,0.12,0.12,,,,,,,,0.0,297.0,0.0,43.0
Alphonse Areola,GK,West Ham,26,25,"2,260",25.1,0,0,0,0,0,0,0,0,0,0,0,0,0,1,0,0,0,0,0,,,,,,,,0.0,297.0,0.0,22.5
Joe Aribo,"MF,DF",Southampton,32,21,"2,013",22.4,3,0,3,3,0,0,1,0,2.7,2.7,1.6,4.3,36,75,65,0.13,0,0.13,0.13,,,,,,,,0.0,297.0,0.0,7.0
Adam Armstrong,"FW,MF",Southampton,20,15,"1,248",13.9,2,2,4,2,0,1,4,0,3.3,2.3,1.2,3.5,25,21,79,0.14,0.14,0.29,0.14,,,,,,,,0.0,297.0,0.0,30.5
Harrison Armstrong,MF,Everton,3,0,48,0.5,0,0,0,0,0,0,1,0,0.4,0.4,0.1,0.4,1,1,0,0,0,0,0,,,,,,,,0.0,297.0,0.0,56.5
Kepa Arrizabalaga,GK,Bournemouth,31,31,"2,790",31,0,0,0,0,0,0,3,0,0.1,0.1,0,0.1,0,2,0,0,0,0,0,,,,,,,,0.0,297.0,0.0,22.5
Marco Asensio,MF,Aston Villa,13,9,743,8.3,3,1,4,3,0,2,2,0,4.4,2.9,1,3.8,22,45,38,0.36,0.12,0.48,0.36,,,,,,,,0.0,297.0,0.0,56.5
Brandon Austin,GK,Tottenham,1,1,90,1,0,0,0,0,0,0,0,0,0,0,0,0,0,0,0,0,0,0,0,,,,,,,,0.0,297.0,0.0,22.5
Taiwo Awoniyi,FW,Nott'ham Forest,26,3,416,4.6,1,0,1,1,0,0,0,0,2.1,2.1,0.1,2.2,6,7,20,0.22,0,0.22,0.22,,,,,,,,0.0,297.0,0.0,43.0
Yasin Ayari,MF,Brighton,34,22,"1,965",21.8,2,1,3,2,0,0,3,0,2.4,2.4,2.3,4.8,30,75,61,0.09,0.05,0.14,0.09,,,,,,,,0.0,297.0,0.0,56.5
Jordan Ayew,"FW,MF",Crystal Palace,1,0,21,0.2,0,0,0,0,0,0,1,0,0.5,0.5,0,0.5,0,0,1,0,0,0,0,,,,,,,,0.0,297.0,0.0,30.5
Jordan Ayew,"FW,MF",Leicester City,30,19,"1,638",18.2,5,0,5,4,1,1,5,0,3.2,2.4,1.1,3.5,49,46,86,0.27,0,0.27,0.22,,,,,,,,0.0,297.0,0.0,30.5
Benoît Badiashile,DF,Chelsea,5,3,334,3.7,0,0,0,0,0,0,0,0,0,0,0,0,3,17,2,0,0,0,0,,,,,,,,0.0,297.0,0.0,93.5
Leon Bailey,"FW,MF",Aston Villa,24,14,"1,139",12.7,1,2,3,1,0,0,3,0,1.7,1.7,1.5,3.3,58,35,121,0.08,0.16,0.24,0.08,,,,,,,,0.0,297.0,0.0,30.5
Carlos Baleba,MF,Brighton,34,31,"2,661",29.6,3,1,4,3,0,0,8,1,3.1,3.1,1.3,4.4,43,118,29,0.1,0.03,0.14,0.1,,,,,,,,0.0,297.0,0.0,56.5
Ross Barkley,MF,Aston Villa,20,3,581,6.5,3,1,4,3,0,0,3,0,1.8,1.8,0.6,2.4,15,36,10,0.46,0.15,0.62,0.46,,,,,,,,0.0,297.0,0.0,56.5
Harvey Barnes,FW,Newcastle Utd,33,17,"1,755",19.5,9,4,13,9,0,0,0,0,7.2,7.2,4,11.2,93,83,192,0.46,0.21,0.67,0.46,,,,,,,,0.0,297.0,0.0,43.0
Calvin Bassey,DF,Fulham,35,34,"3,074",34.2,1,0,1,1,0,0,7,0,1,1,0.1,1.2,39,116,15,0.03,0,0.03,0.03,,,,,,,,0.0,297.0,0.0,93.5
Altay Bayındır,GK,Manchester Utd,4,4,360,4,0,0,0,0,0,0,0,0,0,0,0,0,0,0,0,0,0,0,0,,,,,,,,0.0,297.0,0.0,22.5
Jan Bednarek,DF,Southampton,30,30,"2,531",28.1,2,0,2,2,0,0,7,0,0.7,0.7,0.5,1.2,5,60,2,0.07,0,0.07,0.07,,,,,,,,0.0,297.0,0.0,93.5
Armel Bella Kotchap,DF,Southampton,4,2,331,3.7,0,0,0,0,0,0,0,0,0.3,0.3,0,0.3,0,5,0,0,0,0,0,,,,,,,,0.0,297.0,0.0,93.5
Jean-Ricner Bellegarde,"MF,FW",Wolves,35,20,"1,677",18.6,2,7,9,2,0,0,3,0,1.5,1.5,3.8,5.3,52,43,89,0.11,0.38,0.48,0.11,,,,,,,,0.0,297.0,0.0,22.5
Rodrigo Bentancur,MF,Tottenham,26,21,"1,645",18.3,2,0,2,2,0,0,9,0,1.3,1.3,0.4,1.7,28,100,34,0.11,0,0.11,0.11,,,,,,,,0.0,297.0,0.0,56.5
Daniel Bentley,GK,Wolves,2,2,180,2,0,0,0,0,0,0,0,0,0,0,0,0,0,0,0,0,0,0,0,,,,,,,,0.0,297.0,0.0,22.5
Sander Berge,MF,Fulham,31,26,"2,224",24.7,0,0,0,0,0,0,6,0,0.4,0.4,0.6,1,29,124,9,0,0,0,0,,,,,,,,0.0,297.0,0.0,56.5
Lucas Bergvall,MF,Tottenham,27,11,"1,212",13.5,0,1,1,0,0,0,3,0,0.7,0.7,0.6,1.3,33,49,31,0,0.07,0.07,0,,,,,,,,0.0,297.0,0.0,56.5
Victor Bernth Kristiansen,DF,Leicester City,30,29,"2,482",27.6,0,1,1,0,0,0,1,0,0.3,0.3,1.4,1.7,40,70,78,0,0.04,0.04,0,,,,,,,,0.0,297.0,0.0,93.5
Beto,FW,Everton,30,15,"1,534",17,8,0,8,8,0,0,2,0,8.2,8.2,1.2,9.4,15,16,77,0.47,0,0.47,0.47,,,,,,,,0.0,297.0,0.0,43.0
Philip Billing,MF,Bournemouth,10,1,184,2,0,0,0,0,0,0,1,0,0.6,0.6,1.1,1.7,3,15,13,0,0,0,0,,,,,,,,0.0,297.0,0.0,56.5
Yves Bissouma,MF,Tottenham,28,16,"1,408",15.6,2,0,2,2,0,0,7,0,0.6,0.6,0.3,0.9,15,75,3,0.13,0,0.13,0.13,,,,,,,,0.0,297.0,0.0,56.5
Oscar Bobb,FW,Manchester City,3,0,16,0.2,0,0,0,0,0,0,0,0,0,0,0.1,0.1,1,1,1,0,0,0,0,,,,,,,,0.0,297.0,0.0,43.0
Lamare Bogarde,"DF,MF",Aston Villa,8,5,476,5.3,0,0,0,0,0,0,2,0,0,0,0.1,0.2,12,14,9,0,0,0,0,,,,,,,,0.0,297.0,0.0,8.5
Willy Boly,DF,Nott'ham Forest,6,1,150,1.7,0,0,0,0,0,0,1,0,0.1,0.1,0,0.1,0,2,0,0,0,0,0,,,,,,,,0.0,297.0,0.0,93.5
Sven Botman,DF,Newcastle Utd,8,6,412,4.6,0,0,0,0,0,0,1,0,0.5,0.5,0.5,1.1,0,7,0,0,0,0,0,,,,,,,,0.0,297.0,0.0,93.5
Jarrod Bowen,"FW,MF",West Ham,34,34,"2,973",33,13,8,21,12,1,1,1,0,8.6,7.8,6.8,14.7,109,91,212,0.39,0.24,0.64,0.36,,,,,,,,0.0,297.0,0.0,30.5
Conor Bradley,DF,Liverpool,19,7,754,8.4,0,2,2,0,0,0,4,0,0.7,0.7,1.4,2.1,35,33,39,0,0.24,0.24,0,,,,,,,,0.0,297.0,0.0,93.5
Jarrad Branthwaite,DF,Everton,30,28,"2,511",27.9,0,1,1,0,0,0,4,0,1.2,1.2,0.7,1.9,10,66,2,0,0.04,0.04,0,,,,,,,,0.0,297.0,0.0,93.5
James Bree,DF,Southampton,17,13,"1,075",11.9,0,1,1,0,0,0,0,0,0.1,0.1,0.9,1,13,34,43,0,0.08,0.08,0,,,,,,,,0.0,297.0,0.0,93.5
Ben Brereton,FW,Southampton,10,4,449,5,0,0,0,0,0,0,1,0,0.9,0.9,0.1,1,12,9,42,0,0,0,0,,,,,,,,0.0,297.0,0.0,43.0
Nathan Broadhead,"MF,FW",Ipswich Town,18,7,702,7.8,2,0,2,2,0,0,1,0,1.7,1.7,0.7,2.4,20,14,33,0.26,0,0.26,0.26,,,,,,,,0.0,297.0,0.0,22.5
Armando Broja,FW,Everton,10,4,334,3.7,0,0,0,0,0,0,1,0,0.1,0.1,0.2,0.3,12,2,26,0,0,0,0,,,,,,,,0.0,297.0,0.0,43.0
David Brooks,"FW,MF",Bournemouth,29,9,960,10.7,2,0,2,2,0,0,3,0,2.5,2.5,1.9,4.4,35,35,83,0.19,0,0.19,0.19,,,,,,,,0.0,297.0,0.0,30.5
Emi Buendía,"MF,FW",Aston Villa,12,0,98,1.1,0,0,0,0,0,0,1,0,0.7,0.7,0,0.7,3,7,6,0,0,0,0,,,,,,,,0.0,297.0,0.0,22.5
Santiago Bueno,DF,Wolves,29,18,"1,687",18.7,0,0,0,0,0,0,2,0,0.4,0.4,0,0.4,1,28,1,0,0,0,0,,,,,,,,0.0,297.0,0.0,93.5
Facundo Buonanotte,"FW,MF",Leicester City,31,14,"1,523",16.9,5,2,7,5,0,0,8,0,3.9,3.9,3.1,7,39,54,74,0.3,0.12,0.41,0.3,,,,,,,,0.0,297.0,0.0,30.5
Cameron Burgess,DF,Ipswich Town,18,16,"1,541",17.1,0,2,2,0,0,0,0,0,1.1,1.1,0.5,1.6,2,42,4,0,0.12,0.12,0,,,,,,,,0.0,297.0,0.0,93.5
Dan Burn,DF,Newcastle Utd,37,37,"3,330",37,1,1,2,1,0,0,11,0,2,2,0.9,2.8,12,75,14,0.03,0.03,0.05,0.03,,,,,,,,0.0,297.0,0.0,93.5
Wes Burns,"FW,DF",Ipswich Town,18,12,926,10.3,0,1,1,0,0,0,1,0,0.5,0.5,1.6,2.2,38,8,65,0,0.1,0.1,0,,,,,,,,0.0,297.0,0.0,4.0
Nathan Butler-Oyedeji,FW,Arsenal,1,0,7,0.1,0,0,0,0,0,0,0,0,0.1,0.1,0,0.1,0,0,0,0,0,0,0,,,,,,,,0.0,297.0,0.0,43.0
Moisés Caicedo,"MF,DF",Chelsea,38,38,"3,351",37.2,1,2,3,1,0,0,11,0,0.8,0.8,3,3.8,43,215,37,0.03,0.05,0.08,0.03,,,,,,,,0.0,297.0,0.0,7.0
Tom Cairney,MF,Fulham,25,3,628,7,2,0,2,2,0,0,3,1,0.8,0.8,1.1,1.8,18,53,33,0.29,0,0.29,0.29,,,,,,,,0.0,297.0,0.0,56.5
Jens Cajuste,MF,Ipswich Town,30,25,"1,959",21.8,1,1,2,1,0,0,2,0,0.7,0.7,0.8,1.5,26,59,20,0.05,0.05,0.09,0.05,,,,,,,,0.0,297.0,0.0,56.5
Riccardo Calafiori,DF,Arsenal,19,11,983,10.9,2,1,3,2,0,0,4,0,0.9,0.9,0.3,1.1,22,54,29,0.18,0.09,0.27,0.18,,,,,,,,0.0,297.0,0.0,93.5
Dominic Calvert-Lewin,FW,Everton,26,19,"1,609",17.9,3,1,4,3,0,0,2,0,6.7,6.7,0.6,7.4,23,20,112,0.17,0.06,0.22,0.17,,,,,,,,0.0,297.0,0.0,43.0
Diego Carlos,DF,Aston Villa,10,8,830,9.2,0,0,0,0,0,0,1,0,0.6,0.6,0,0.6,3,34,0,0,0,0,0,,,,,,,,0.0,297.0,0.0,93.5
Fabio Carvalho,"FW,MF",Brentford,19,3,455,5.1,2,1,3,2,0,0,1,0,2.5,2.5,0.7,3.2,9,17,23,0.4,0.2,0.59,0.4,,,,,,,,0.0,297.0,0.0,30.5
Casemiro,MF,Manchester Utd,24,18,"1,494",16.6,1,0,1,1,0,0,5,0,1.9,1.9,2.3,4.2,4,84,28,0.06,0,0.06,0.06,,,,,,,,0.0,297.0,0.0,56.5
Kaelan Casey,DF,West Ham,1,0,1,0,0,0,0,0,0,0,0,0,0,0,0,0,0,0,0,0,0,0,0,,,,,,,,0.0,297.0,0.0,93.5
Matty Cash,DF,Aston Villa,27,24,"2,070",23,1,1,2,1,0,0,7,0,0.5,0.5,1.1,1.6,48,42,90,0.04,0.04,0.09,0.04,,,,,,,,0.0,297.0,0.0,93.5
Eiran Cashin,DF,Brighton,2,0,20,0.2,0,0,0,0,0,0,0,0,0,0,0,0,0,6,1,0,0,0,0,,,,,,,,0.0,297.0,0.0,93.5
Timothy Castagne,DF,Fulham,24,17,"1,649",18.3,0,1,1,0,0,0,1,0,0.4,0.4,1.2,1.6,17,62,67,0,0.05,0.05,0,,,,,,,,0.0,297.0,0.0,93.5
Trevoh Chalobah,DF,Crystal Palace,12,12,"1,060",11.8,3,0,3,3,0,0,1,0,1.2,1.2,0.4,1.6,11,34,6,0.25,0,0.25,0.25,,,,,,,,0.0,297.0,0.0,93.5
Trevoh Chalobah,DF,Chelsea,13,11,910,10.1,0,1,1,0,0,0,2,0,0.8,0.8,1.2,2,4,37,2,0,0.1,0.1,0,,,,,,,,0.0,297.0,0.0,93.5
Conor Chaplin,"MF,FW",Ipswich Town,22,10,857,9.5,1,1,2,1,0,0,2,0,1.5,1.5,0.7,2.2,13,29,23,0.11,0.11,0.21,0.11,,,,,,,,0.0,297.0,0.0,22.5
Youssef Chermiti,"FW,MF",Everton,4,0,45,0.5,0,0,0,0,0,0,1,0,0.1,0.1,0,0.1,0,1,6,0,0,0,0,,,,,,,,0.0,297.0,0.0,30.5
Federico Chiesa,FW,Liverpool,6,1,108,1.2,0,0,0,0,0,0,0,0,0.3,0.3,0.2,0.5,3,3,7,0,0,0,0,,,,,,,,0.0,297.0,0.0,43.0
Ben Chilwell,DF,Crystal Palace,8,1,259,2.9,1,0,1,1,0,0,1,0,0.2,0.2,0.8,1,5,8,15,0.35,0,0.35,0.35,,,,,,,,0.0,297.0,0.0,93.5
Chiquinho,MF,Wolves,1,0,7,0.1,0,0,0,0,0,0,0,0,0,0,0,0,0,0,0,0,0,0,0,,,,,,,,0.0,297.0,0.0,56.5
Hamza Choudhury,"MF,DF",Leicester City,4,1,131,1.5,0,0,0,0,0,0,0,0,0,0,0.4,0.4,4,3,6,0,0,0,0,,,,,,,,0.0,297.0,0.0,7.0
Ryan Christie,MF,Bournemouth,29,27,"2,117",23.5,2,3,5,2,0,0,9,0,1.8,1.8,3.5,5.4,34,137,44,0.09,0.13,0.21,0.09,,,,,,,,0.0,297.0,0.0,56.5
,,,,,,,,,,,,,,,,,,,,,,,,,,,,,,,,,0.0,297.0,,
Harry Clarke,DF,Ipswich Town,7,4,379,4.2,0,0,0,0,0,0,3,1,0.1,0.1,0,0.1,5,14,2,0,0,0,0,,,,,,,,0.0,297.0,0.0,93.5
Jack Clarke,"FW,MF",Ipswich Town,32,12,"1,181",13.1,0,4,4,0,0,0,2,0,1.2,1.2,2.3,3.5,39,44,57,0,0.3,0.3,0,,,,,,,,0.0,297.0,0.0,30.5
Nathaniel Clyne,"DF,MF",Crystal Palace,13,5,483,5.4,0,0,0,0,0,0,1,0,0,0,0.3,0.3,6,7,8,0,0,0,0,,,,,,,,0.0,297.0,0.0,8.5
Conor Coady,DF,Leicester City,22,19,"1,714",19,1,0,1,1,0,0,3,0,0.4,0.4,0.1,0.5,3,32,0,0.05,0,0.05,0.05,,,,,,,,0.0,297.0,0.0,93.5
Séamus Coleman,DF,Everton,5,3,215,2.4,0,0,0,0,0,0,1,0,0.6,0.6,0,0.6,1,11,7,0,0,0,0,,,,,,,,0.0,297.0,0.0,93.5
Nathan Collins,DF,Brentford,38,38,"3,420",38,2,3,5,2,0,0,5,0,2.5,2.5,1.8,4.3,32,127,18,0.05,0.08,0.13,0.05,,,,,,,,0.0,297.0,0.0,93.5
Toby Collyer,MF,Manchester Utd,6,0,179,2,0,0,0,0,0,0,0,0,0.2,0.2,0.3,0.4,0,5,2,0,0,0,0,,,,,,,,0.0,297.0,0.0,56.5
Levi Colwill,DF,Chelsea,35,35,"3,149",35,2,1,3,2,0,0,9,0,1.9,1.9,1.1,3,14,131,12,0.06,0.03,0.09,0.06,,,,,,,,0.0,297.0,0.0,93.5
Lewis Cook,"MF,DF",Bournemouth,36,32,"2,978",33.1,1,3,4,1,0,0,8,1,0.9,0.9,4.1,5.1,33,158,52,0.03,0.09,0.12,0.03,,,,,,,,0.0,297.0,0.0,7.0
Maxwel Cornet,FW,Southampton,2,1,72,0.8,0,0,0,0,0,0,1,0,0.2,0.2,0,0.2,1,0,5,0,0,0,0,,,,,,,,0.0,297.0,0.0,43.0
Vladimír Coufal,DF,West Ham,22,11,"1,067",11.9,0,0,0,0,0,0,5,0,0.3,0.3,0.7,1,26,39,33,0,0,0,0,,,,,,,,0.0,297.0,0.0,93.5
Woyo Coulibaly,DF,Leicester City,4,1,109,1.2,0,0,0,0,0,0,1,0,0,0,0,0,4,3,2,0,0,0,0,,,,,,,,0.0,297.0,0.0,93.5
Aaron Cresswell,DF,West Ham,18,10,824,9.2,0,0,0,0,0,0,3,0,0.2,0.2,1.3,1.6,6,36,4,0,0,0,0,,,,,,,,0.0,297.0,0.0,93.5
Marc Cucurella,DF,Chelsea,36,33,"2,988",33.2,5,1,6,5,0,0,10,1,2.8,2.8,2.1,4.9,35,118,117,0.15,0.03,0.18,0.15,,,,,,,,0.0,297.0,0.0,93.5
Jorge Cuenca,DF,Fulham,8,4,351,3.9,0,0,0,0,0,0,0,0,0,0,0,0,0,10,0,0,0,0,0,,,,,,,,0.0,297.0,0.0,93.5
Matheus Cunha,"MF,FW",Wolves,33,29,"2,597",28.9,15,6,21,15,0,0,4,0,8.6,8.6,7.7,16.4,112,144,161,0.52,0.21,0.73,0.52,,,,,,,,0.0,297.0,0.0,22.5
Patson Daka,"FW,MF",Leicester City,23,6,736,8.2,1,0,1,1,0,0,0,0,1.3,1.3,0.1,1.3,11,8,36,0.12,0,0.12,0.12,,,,,,,,0.0,297.0,0.0,30.5
Diogo Dalot,DF,Manchester Utd,33,31,"2,814",31.3,0,3,3,0,0,0,5,0,2,2,2,4.1,62,103,168,0,0.1,0.1,0,,,,,,,,0.0,297.0,0.0,93.5
Mikkel Damsgaard,"MF,FW",Brentford,38,34,"2,911",32.3,2,10,12,2,0,0,2,0,2.8,2.8,8.4,11.2,73,234,137,0.06,0.31,0.37,0.06,,,,,,,,0.0,297.0,0.0,22.5
Danilo,"MF,FW",Nott'ham Forest,8,5,275,3.1,0,0,0,0,0,0,0,0,0,0,0,0,2,11,1,0,0,0,0,,,,,,,,0.0,297.0,0.0,22.5
Jayden Danns,MF,Liverpool,1,0,11,0.1,0,0,0,0,0,0,0,0,0,0,0,0,0,0,0,0,0,0,0,,,,,,,,0.0,297.0,0.0,56.5
Kevin Danso,DF,Tottenham,10,9,842,9.4,0,0,0,0,0,0,0,0,0.4,0.4,0.1,0.5,11,19,1,0,0,0,0,,,,,,,,0.0,297.0,0.0,93.5
Ben Davies,DF,Tottenham,17,14,"1,331",14.8,0,0,0,0,0,0,5,0,0.3,0.3,0.2,0.5,14,52,6,0,0,0,0,,,,,,,,0.0,297.0,0.0,93.5
Leif Davis,DF,Ipswich Town,33,32,"2,743",30.5,1,2,3,1,0,0,5,1,1,1,4.9,5.8,52,59,137,0.03,0.07,0.1,0.03,,,,,,,,0.0,297.0,0.0,93.5
Craig Dawson,DF,Wolves,15,10,971,10.8,0,0,0,0,0,0,2,0,0.5,0.5,0,0.5,6,20,5,0,0,0,0,,,,,,,,0.0,297.0,0.0,93.5
,,,,,,,,,,,,,,,,,,,,,,,,,,,,,,,,,0.0,297.0,,
Kevin De Bruyne,"MF,FW",Manchester City,28,19,"1,702",18.9,4,7,11,4,0,0,2,0,5.1,5.1,8,13.1,51,157,150,0.21,0.37,0.58,0.21,,,,,,,,0.0,297.0,0.0,22.5
Bobby De Cordova-Reid,FW,Leicester City,23,9,744,8.3,1,2,3,1,0,0,2,0,0.8,0.8,1.2,2,14,15,48,0.12,0.24,0.36,0.12,,,,,,,,0.0,297.0,0.0,43.0
Liam Delap,FW,Ipswich Town,37,32,"2,593",28.8,12,2,14,10,2,2,12,0,9.3,7.8,1.9,9.7,61,30,110,0.42,0.07,0.49,0.35,,,,,,,,0.0,297.0,0.0,43.0
Sepp van den Berg,DF,Brentford,31,29,"2,586",28.7,0,0,0,0,0,0,3,0,2,2,0.8,2.8,12,79,28,0,0,0,0,,,,,,,,0.0,297.0,0.0,93.5
Justin Devenny,MF,Crystal Palace,23,4,507,5.6,1,1,2,1,0,0,1,0,0.8,0.8,0.6,1.4,5,21,13,0.18,0.18,0.36,0.18,,,,,,,,0.0,297.0,0.0,56.5
Kiernan Dewsbury-Hall,"MF,FW",Chelsea,13,2,264,2.9,0,1,1,0,0,0,0,0,0.2,0.2,1.1,1.3,5,14,11,0,0.34,0.34,0,,,,,,,,0.0,297.0,0.0,22.5
Amad Diallo,"MF,FW",Manchester Utd,26,20,"1,901",21.1,8,6,14,8,0,0,5,0,4.7,4.7,4.9,9.6,109,60,200,0.38,0.28,0.66,0.38,,,,,,,,0.0,297.0,0.0,22.5
Rúben Dias,DF,Manchester City,27,25,"2,271",25.2,0,0,0,0,0,0,4,0,1.5,1.5,0.3,1.8,43,160,8,0,0,0,0,,,,,,,,0.0,297.0,0.0,93.5
Luis Díaz,FW,Liverpool,36,28,"2,399",26.7,13,5,18,13,0,0,2,0,12,12,5,17.1,108,110,293,0.49,0.19,0.68,0.49,,,,,,,,0.0,297.0,0.0,43.0
Tyler Dibling,"FW,MF",Southampton,33,20,"1,874",20.8,2,0,2,2,0,0,6,0,2.5,2.5,1.5,4.1,69,64,96,0.1,0,0.1,0.1,,,,,,,,0.0,297.0,0.0,30.5
Lucas Digne,DF,Aston Villa,32,28,"2,351",26.1,0,4,4,0,0,0,4,0,0.8,0.8,4.7,5.5,23,57,142,0,0.15,0.15,0,,,,,,,,0.0,297.0,0.0,93.5
Issa Diop,DF,Fulham,21,15,"1,339",14.9,0,0,0,0,0,0,2,0,0.5,0.5,0.1,0.6,6,25,3,0,0,0,0,,,,,,,,0.0,297.0,0.0,93.5
Axel Disasi,DF,Aston Villa,7,5,490,5.4,0,0,0,0,0,0,2,0,0.1,0.1,0.4,0.5,10,16,5,0,0,0,0,,,,,,,,0.0,297.0,0.0,93.5
Axel Disasi,DF,Chelsea,6,4,364,4,1,0,1,1,0,0,1,0,0.3,0.3,0.1,0.4,6,16,2,0.25,0,0.25,0.25,,,,,,,,0.0,297.0,0.0,93.5
Roman Dixon,DF,Everton,1,1,90,1,0,0,0,0,0,0,0,0,0,0,0,0,0,0,1,0,0,0,0,,,,,,,,0.0,297.0,0.0,93.5
Nasser Djiga,DF,Wolves,5,1,66,0.7,0,0,0,0,0,0,0,0,0,0,0,0,0,3,2,0,0,0,0,,,,,,,,0.0,297.0,0.0,93.5
Matt Doherty,DF,Wolves,30,25,"2,109",23.4,2,1,3,2,0,0,6,0,1,1,1.5,2.6,29,79,41,0.09,0.04,0.13,0.09,,,,,,,,0.0,297.0,0.0,93.5
Jeremy Doku,"FW,MF",Manchester City,29,16,"1,516",16.8,3,6,9,3,0,0,1,0,1.3,1.3,4.8,6.1,213,69,286,0.18,0.36,0.53,0.18,,,,,,,,0.0,297.0,0.0,30.5
Nicolás Domínguez,"MF,FW",Nott'ham Forest,34,23,"1,963",21.8,0,1,1,0,0,0,9,0,1.5,1.5,1.3,2.8,16,83,33,0,0.05,0.05,0,,,,,,,,0.0,297.0,0.0,22.5
Patrick Dorgu,DF,Manchester Utd,12,10,842,9.4,0,0,0,0,0,0,3,1,0.4,0.4,0.7,1.2,41,34,83,0,0,0,0,,,,,,,,0.0,297.0,0.0,93.5
Alfie Dorrington,DF,Tottenham,1,0,14,0.2,0,0,0,0,0,0,0,0,0,0,0,0,0,0,0,0,0,0,0,,,,,,,,0.0,297.0,0.0,93.5
Abdoulaye Doucouré,MF,Everton,33,31,"2,564",28.5,3,2,5,3,0,0,5,1,4.1,4.1,2.4,6.6,42,82,96,0.11,0.07,0.18,0.11,,,,,,,,0.0,297.0,0.0,56.5
Cheick Doucouré,MF,Crystal Palace,13,4,452,5,0,0,0,0,0,0,1,0,0.4,0.4,0,0.4,2,19,7,0,0,0,0,,,,,,,,0.0,297.0,0.0,56.5
Flynn Downes,MF,Southampton,27,25,"2,151",23.9,1,0,1,1,0,0,12,0,0.6,0.6,1.1,1.7,29,66,29,0.04,0,0.04,0.04,,,,,,,,0.0,297.0,0.0,56.5
Tommy Doyle,MF,Wolves,24,3,488,5.4,0,1,1,0,0,0,1,0,0.6,0.6,0.5,1.1,6,40,4,0,0.18,0.18,0,,,,,,,,0.0,297.0,0.0,56.5
,,,,,,,,,,,,,,,,,,,,,,,,,,,,,,,,,0.0,297.0,,
Radu Drăgușin,DF,Tottenham,16,14,"1,252",13.9,0,0,0,0,0,0,1,0,0.1,0.1,0.4,0.5,7,37,2,0,0,0,0,,,,,,,,0.0,297.0,0.0,93.5
Martin Dúbravka,GK,Newcastle Utd,10,10,900,10,0,0,0,0,0,0,0,0,0,0,0,0,0,0,0,0,0,0,0,,,,,,,,0.0,297.0,0.0,22.5
Lewis Dunk,DF,Brighton,25,23,"2,083",23.1,0,0,0,0,0,0,5,0,0.8,0.8,0.5,1.3,20,142,3,0,0,0,0,,,,,,,,0.0,297.0,0.0,93.5
Jáder Durán,FW,Aston Villa,20,4,638,7.1,7,0,7,7,0,0,3,1,4.9,4.9,0.2,5.1,7,13,44,0.99,0,0.99,0.99,,,,,,,,0.0,297.0,0.0,43.0
Claudio Echeverri,FW,Manchester City,1,0,6,0.1,0,0,0,0,0,0,0,0,0,0,0,0,0,1,1,0,0,0,0,,,,,,,,0.0,297.0,0.0,43.0
Ederson,GK,Manchester City,26,26,"2,320",25.8,0,4,4,0,0,0,4,0,0,0,1.5,1.5,0,2,0,0,0.16,0.16,0,,,,,,,,0.0,297.0,0.0,22.5
George Edmundson,DF,Ipswich Town,1,0,2,0,0,0,0,0,0,0,0,0,0,0,0,0,0,0,0,0,0,0,0,,,,,,,,0.0,297.0,0.0,93.5
Odsonne Édouard,"MF,FW",Crystal Palace,2,1,115,1.3,0,0,0,0,0,0,0,0,0.4,0.4,0,0.4,3,4,7,0,0,0,0,,,,,,,,0.0,297.0,0.0,22.5
Odsonne Édouard,FW,Leicester City,4,0,29,0.3,0,0,0,0,0,0,0,0,0,0,0,0,0,1,2,0,0,0,0,,,,,,,,0.0,297.0,0.0,43.0
Samuel Edozie,"DF,FW",Southampton,2,0,65,0.7,0,0,0,0,0,0,1,0,0,0,0.1,0.1,6,4,23,0,0,0,0,,,,,,,,0.0,297.0,0.0,4.0
Ronnie Edwards,DF,Southampton,1,0,12,0.1,0,0,0,0,0,0,0,0,0,0,0,0,0,0,0,0,0,0,0,,,,,,,,0.0,297.0,0.0,93.5
Anthony Elanga,"FW,MF",Nott'ham Forest,38,31,"2,501",27.8,6,11,17,6,0,0,1,0,4.5,4.5,5.7,10.1,102,63,229,0.22,0.4,0.61,0.22,,,,,,,,0.0,297.0,0.0,30.5
Harvey Elliott,MF,Liverpool,18,2,371,4.1,1,2,3,1,0,0,1,0,1.8,1.8,1.1,2.8,10,44,30,0.24,0.49,0.73,0.24,,,,,,,,0.0,297.0,0.0,56.5
Yunus Emre Konak,"FW,MF",Brentford,10,0,42,0.5,0,0,0,0,0,0,0,0,0.2,0.2,0,0.2,1,2,2,0,0,0,0,,,,,,,,0.0,297.0,0.0,30.5
Julio Enciso,"MF,FW",Ipswich Town,13,12,869,9.7,2,3,5,2,0,0,3,0,1.7,1.7,1.4,3.1,23,28,44,0.21,0.31,0.52,0.21,,,,,,,,0.0,297.0,0.0,22.5
Julio Enciso,"MF,FW",Brighton,12,2,294,3.3,0,0,0,0,0,0,0,0,1,1,0.2,1.2,11,14,17,0,0,0,0,,,,,,,,0.0,297.0,0.0,22.5
Wataru Endo,"MF,DF",Liverpool,20,1,273,3,0,0,0,0,0,0,0,0,0,0,0.1,0.1,1,19,8,0,0,0,0,,,,,,,,0.0,297.0,0.0,7.0
Christian Eriksen,MF,Manchester Utd,23,11,"1,061",11.8,1,2,3,0,1,1,4,0,1.4,0.6,3.2,3.8,13,55,29,0.08,0.17,0.25,0,,,,,,,,0.0,297.0,0.0,56.5
Romain Esse,MF,Crystal Palace,7,1,138,1.5,1,1,2,1,0,0,0,0,0.3,0.3,0.4,0.7,1,7,14,0.65,0.65,1.3,0.65,,,,,,,,0.0,297.0,0.0,56.5
Pervis Estupiñán,DF,Brighton,30,26,"2,402",26.7,1,1,2,1,0,0,5,0,1.2,1.2,2.1,3.3,59,132,112,0.04,0.04,0.07,0.04,,,,,,,,0.0,297.0,0.0,93.5
Evanilson,FW,Bournemouth,31,28,"2,319",25.8,10,1,11,10,0,1,1,1,12.5,11.7,1.9,13.6,29,28,99,0.39,0.04,0.43,0.39,,,,,,,,0.0,297.0,0.0,43.0
Jake Evans,FW,Leicester City,4,0,24,0.3,0,0,0,0,0,0,0,0,0,0,0,0,0,0,1,0,0,0,0,,,,,,,,0.0,297.0,0.0,43.0
Jonny Evans,DF,Manchester Utd,7,3,315,3.5,0,0,0,0,0,0,1,0,0.1,0.1,0,0.1,3,10,3,0,0,0,0,,,,,,,,0.0,297.0,0.0,93.5
Eberechi Eze,"MF,FW",Crystal Palace,34,31,"2,588",28.8,8,8,16,7,1,2,1,0,10.5,8.9,6.2,15.1,69,97,153,0.28,0.28,0.56,0.24,,,,,,,,0.0,297.0,0.0,22.5
Łukasz Fabiański,GK,West Ham,14,13,"1,160",12.9,0,0,0,0,0,0,2,0,0,0,0,0,0,0,0,0,0,0,0,,,,,,,,0.0,297.0,0.0,22.5
Player,Pos,Squad,MP,Starts,Min,90s,Gls,Ast,G+A,G-PK,PK,PKatt,CrdY,CrdR,xG,npxG,xAG,npxG+xAG,PrgC,PrgP,PrgR,Gls,Ast,G+A,G-PK,,,,,,,,0.0,297.0,0.0,8.5
Wout Faes,DF,Leicester City,34,30,"2,815",31.3,1,0,1,1,0,0,4,0,1.5,1.5,0.1,1.6,12,86,1,0.03,0,0.03,0.03,,,,,,,,0.0,297.0,0.0,93.5
Abdul Fatawu Issahaku,FW,Leicester City,11,6,579,6.4,0,2,2,0,0,0,0,0,0.4,0.4,1.6,2,42,17,60,0,0.31,0.31,0,,,,,,,,0.0,297.0,0.0,43.0
João Félix,"FW,MF",Chelsea,12,3,369,4.1,1,1,2,1,0,0,2,0,2.2,2.2,1,3.2,21,26,30,0.24,0.24,0.49,0.24,,,,,,,,0.0,297.0,0.0,30.5
Evan Ferguson,FW,West Ham,8,1,156,1.7,0,0,0,0,0,0,0,0,0.6,0.6,0.3,0.9,1,1,7,0,0,0,0,,,,,,,,0.0,297.0,0.0,43.0
Evan Ferguson,FW,Brighton,13,2,246,2.7,1,0,1,1,0,0,0,0,0.5,0.5,0.4,1,2,1,9,0.37,0,0.37,0.37,,,,,,,,0.0,297.0,0.0,43.0
Bruno Fernandes,MF,Manchester Utd,36,35,"3,018",33.5,8,10,18,5,3,3,5,2,9.9,7.6,8.5,16.1,77,325,129,0.24,0.3,0.54,0.15,,,,,,,,0.0,297.0,0.0,56.5
Mateus Fernandes,MF,Southampton,36,34,"2,909",32.3,2,4,6,2,0,0,8,0,4,4,3,7,76,145,108,0.06,0.12,0.19,0.06,,,,,,,,0.0,297.0,0.0,56.5
Enzo Fernández,MF,Chelsea,36,32,"2,947",32.7,6,7,13,6,0,0,8,0,6.1,6.1,6.8,12.9,60,212,126,0.18,0.21,0.4,0.18,,,,,,,,0.0,297.0,0.0,56.5
Mark Flekken,GK,Brentford,37,37,"3,275",36.4,0,2,2,0,0,0,1,0,0,0,0.5,0.5,0,0,0,0,0.05,0.05,0,,,,,,,,0.0,297.0,0.0,22.5
Phil Foden,"MF,FW",Manchester City,28,20,"1,777",19.7,7,2,9,7,0,0,2,0,5.2,5.2,4.8,9.9,50,103,128,0.35,0.1,0.46,0.35,,,,,,,,0.0,297.0,0.0,22.5
Wesley Fofana,DF,Chelsea,14,14,"1,172",13,0,0,0,0,0,0,7,0,0.4,0.4,0.4,0.8,19,32,4,0,0,0,0,,,,,,,,0.0,297.0,0.0,93.5
Carlos Forbs,"MF,FW",Wolves,10,1,239,2.7,0,0,0,0,0,0,2,0,0.1,0.1,0,0.2,10,8,28,0,0,0,0,,,,,,,,0.0,297.0,0.0,22.5
Fraser Forster,GK,Tottenham,7,7,630,7,0,0,0,0,0,0,0,0,0,0,0,0,0,0,0,0,0,0,0,,,,,,,,0.0,297.0,0.0,22.5
Matheus França,"MF,FW",Crystal Palace,4,0,55,0.6,1,0,1,1,0,0,0,0,0.3,0.3,0,0.3,4,3,4,1.64,0,1.64,1.64,,,,,,,,0.0,297.0,0.0,22.5
Ryan Fraser,"FW,DF",Southampton,8,4,306,3.4,0,0,0,0,0,0,0,1,0,0,0.1,0.1,10,8,18,0,0,0,0,,,,,,,,0.0,297.0,0.0,4.0
Tyler Fredricson,DF,Manchester Utd,2,2,165,1.8,0,0,0,0,0,0,0,0,0,0,0,0,2,8,0,0,0,0,0,,,,,,,,0.0,297.0,0.0,93.5
Niclas Füllkrug,FW,West Ham,18,6,790,8.8,3,2,5,3,0,0,2,0,2.2,2.2,1.9,4.1,7,14,31,0.34,0.23,0.57,0.34,,,,,,,,0.0,297.0,0.0,43.0
Cody Gakpo,FW,Liverpool,35,23,"1,935",21.5,10,4,14,10,0,0,5,0,7.1,7.1,4.4,11.5,59,52,278,0.47,0.19,0.65,0.47,,,,,,,,0.0,297.0,0.0,43.0
Idrissa Gana Gueye,MF,Everton,37,35,"3,063",34,0,3,3,0,0,0,9,0,1.1,1.1,1.7,2.8,27,145,27,0,0.09,0.09,0,,,,,,,,0.0,297.0,0.0,56.5
Andrés García,"DF,MF",Aston Villa,7,5,318,3.5,0,0,0,0,0,0,0,0,0,0,0.2,0.2,26,15,28,0,0,0,0,,,,,,,,0.0,297.0,0.0,8.5
Alejandro Garnacho,"MF,FW",Manchester Utd,36,23,"2,199",24.4,6,2,8,6,0,0,3,0,7.3,7.3,4.5,11.8,141,56,290,0.25,0.08,0.33,0.25,,,,,,,,0.0,297.0,0.0,22.5
James Garner,"MF,DF",Everton,21,17,"1,594",17.7,0,1,1,0,0,0,5,0,0.7,0.7,1.4,2.1,15,50,30,0,0.06,0.06,0,,,,,,,,0.0,297.0,0.0,7.0
Tyrique George,FW,Chelsea,8,1,183,2,1,1,2,1,0,0,1,0,0.2,0.2,0.7,0.9,9,3,22,0.49,0.49,0.98,0.49,,,,,,,,0.0,297.0,0.0,43.0
Morgan Gibbs-White,MF,Nott'ham Forest,34,34,"2,803",31.1,7,8,15,7,0,0,11,1,6.3,6.3,5,11.2,69,164,137,0.22,0.26,0.48,0.22,,,,,,,,0.0,297.0,0.0,56.5
Billy Gilmour,MF,Brighton,2,1,98,1.1,0,0,0,0,0,0,0,0,0.1,0.1,0,0.1,2,11,2,0,0,0,0,,,,,,,,0.0,297.0,0.0,56.5
Player,Pos,Squad,MP,Starts,Min,90s,Gls,Ast,G+A,G-PK,PK,PKatt,CrdY,CrdR,xG,npxG,xAG,npxG+xAG,PrgC,PrgP,PrgR,Gls,Ast,G+A,G-PK,,,,,,,,0.0,297.0,0.0,8.5
Ben Godfrey,DF,Ipswich Town,3,2,159,1.8,0,0,0,0,0,0,1,0,0,0,0,0,2,4,1,0,0,0,0,,,,,,,,0.0,297.0,0.0,93.5
Martial Godo,"FW,DF",Fulham,2,0,24,0.3,0,0,0,0,0,0,0,0,0,0,0.1,0.1,2,3,6,0,0,0,0,,,,,,,,0.0,297.0,0.0,4.0
Michael Golding,MF,Leicester City,1,0,1,0,0,0,0,0,0,0,0,0,0,0,0,0,0,0,0,0,0,0,0,,,,,,,,0.0,297.0,0.0,56.5
João Gomes,MF,Wolves,36,35,"2,974",33,3,1,4,3,0,0,11,1,2.9,2.9,1.2,4.1,59,165,76,0.09,0.03,0.12,0.09,,,,,,,,0.0,297.0,0.0,56.5
Rodrigo Gomes,"DF,FW",Wolves,25,7,810,9,2,0,2,2,0,0,0,0,0.7,0.7,0.9,1.6,23,27,81,0.22,0,0.22,0.22,,,,,,,,0.0,297.0,0.0,4.0
Toti Gomes,DF,Wolves,31,30,"2,614",29,0,1,1,0,0,0,7,0,0.7,0.7,0.9,1.7,27,86,18,0,0.03,0.03,0,,,,,,,,0.0,297.0,0.0,93.5
Diego Gómez,MF,Brighton,16,4,516,5.7,1,0,1,1,0,0,0,0,0.9,0.9,0.7,1.6,8,27,23,0.17,0,0.17,0.17,,,,,,,,0.0,297.0,0.0,56.5
Joe Gomez,DF,Liverpool,9,6,519,5.8,0,0,0,0,0,0,1,0,0.3,0.3,0.1,0.4,5,35,2,0,0,0,0,,,,,,,,0.0,297.0,0.0,93.5
Nicolás González,MF,Manchester City,11,9,760,8.4,1,0,1,1,0,0,3,0,0.5,0.5,0.1,0.5,9,50,11,0.12,0,0.12,0.12,,,,,,,,0.0,297.0,0.0,56.5
Anthony Gordon,"FW,MF",Newcastle Utd,34,28,"2,434",27,6,5,11,5,1,2,2,0,8,6.5,5,11.4,121,98,214,0.22,0.18,0.41,0.18,,,,,,,,0.0,297.0,0.0,30.5
Ryan Gravenberch,MF,Liverpool,37,37,"3,160",35.1,0,4,4,0,0,0,6,1,1.1,1.1,3.1,4.2,70,181,55,0,0.11,0.11,0,,,,,,,,0.0,297.0,0.0,56.5
Archie Gray,"DF,MF",Tottenham,28,19,"1,751",19.5,0,0,0,0,0,0,1,0,0,0,0.1,0.2,7,40,17,0,0,0,0,,,,,,,,0.0,297.0,0.0,8.5
Jack Grealish,"FW,MF",Manchester City,20,7,721,8,1,1,2,1,0,0,3,0,1.1,1.1,1.8,3,69,52,118,0.12,0.12,0.25,0.12,,,,,,,,0.0,297.0,0.0,30.5
Jacob Greaves,DF,Ipswich Town,25,25,"2,205",24.5,1,0,1,1,0,0,5,0,1.3,1.3,0.3,1.6,11,69,11,0.04,0,0.04,0.04,,,,,,,,0.0,297.0,0.0,93.5
Brajan Gruda,"MF,FW",Brighton,21,8,687,7.6,1,4,5,1,0,0,0,0,1.2,1.2,2.1,3.3,22,26,57,0.13,0.52,0.66,0.13,,,,,,,,0.0,297.0,0.0,22.5
Albert Grønbaek,"FW,MF",Southampton,4,2,143,1.6,0,0,0,0,0,0,0,0,0.1,0.1,0,0.1,1,1,3,0,0,0,0,,,,,,,,0.0,297.0,0.0,30.5
Gonçalo Guedes,"MF,FW",Wolves,29,10,995,11.1,2,4,6,2,0,0,1,0,3.2,3.2,1.3,4.5,41,40,79,0.18,0.36,0.54,0.18,,,,,,,,0.0,297.0,0.0,22.5
Marc Guéhi,DF,Crystal Palace,34,34,"3,059",34,3,2,5,3,0,0,9,1,2,2,1.8,3.7,22,134,10,0.09,0.06,0.15,0.09,,,,,,,,0.0,297.0,0.0,93.5
Luis Guilherme,"MF,FW",West Ham,12,1,150,1.7,0,0,0,0,0,0,0,0,0.4,0.4,0.1,0.5,4,5,16,0,0,0,0,,,,,,,,0.0,297.0,0.0,22.5
Bruno Guimarães,MF,Newcastle Utd,38,38,"3,271",36.3,5,6,11,5,0,0,7,0,4.3,4.3,6.1,10.4,64,271,96,0.14,0.17,0.3,0.14,,,,,,,,0.0,297.0,0.0,56.5
Marc Guiu,FW,Chelsea,3,0,73,0.8,0,0,0,0,0,0,0,0,0,0,0,0,0,0,3,0,0,0,0,,,,,,,,0.0,297.0,0.0,43.0
İlkay Gündoğan,MF,Manchester City,33,25,"2,223",24.7,1,6,7,1,0,0,1,0,3.2,3.2,3.5,6.7,64,127,96,0.04,0.24,0.28,0.04,,,,,,,,0.0,297.0,0.0,56.5
Malo Gusto,DF,Chelsea,32,19,"1,862",20.7,0,1,1,0,0,0,4,0,1.7,1.7,1.4,3.1,50,119,85,0,0.05,0.05,0,,,,,,,,0.0,297.0,0.0,93.5
Joško Gvardiol,DF,Manchester City,37,36,"3,277",36.4,5,0,5,5,0,0,2,0,4.6,4.3,2.1,6.3,91,264,121,0.14,0,0.14,0.14,,,,,,,,0.0,297.0,0.0,93.5
Erling Haaland,FW,Manchester City,31,31,"2,736",30.4,22,3,25,19,3,4,2,0,22,18.8,3,21.8,24,20,124,0.72,0.1,0.82,0.62,,,,,,,,0.0,297.0,0.0,43.0
Player,Pos,Squad,MP,Starts,Min,90s,Gls,Ast,G+A,G-PK,PK,PKatt,CrdY,CrdR,xG,npxG,xAG,npxG+xAG,PrgC,PrgP,PrgR,Gls,Ast,G+A,G-PK,,,,,,,,0.0,297.0,0.0,8.5
Lewis Hall,DF,Newcastle Utd,27,24,"2,189",24.3,0,4,4,0,0,0,3,0,0.4,0.4,4.3,4.7,41,123,80,0,0.16,0.16,0,,,,,,,,0.0,297.0,0.0,93.5
Ali Al Hamadi,FW,Ipswich Town,11,0,134,1.5,0,0,0,0,0,0,3,0,0.4,0.4,0.1,0.4,4,3,14,0,0,0,0,,,,,,,,0.0,297.0,0.0,43.0
Marcus Harness,MF,Ipswich Town,2,0,45,0.5,0,0,0,0,0,0,0,0,0,0,0,0,0,2,1,0,0,0,0,,,,,,,,0.0,297.0,0.0,56.5
Jack Harrison,FW,Everton,34,24,"2,076",23.1,1,0,1,1,0,0,0,0,3.5,3.5,3.7,7.2,73,51,127,0.04,0,0.04,0.04,,,,,,,,0.0,297.0,0.0,43.0
Taylor Harwood-Bellis,DF,Southampton,34,32,"2,825",31.4,1,0,1,1,0,0,9,0,1.8,1.8,1,2.8,29,125,9,0.03,0,0.03,0.03,,,,,,,,0.0,297.0,0.0,93.5
Kai Havertz,"FW,MF",Arsenal,23,21,"1,875",20.8,9,3,12,9,0,0,5,0,9.5,9.5,2.4,12,35,61,113,0.43,0.14,0.58,0.43,,,,,,,,0.0,297.0,0.0,30.5
Ayden Heaven,DF,Manchester Utd,4,2,170,1.9,0,0,0,0,0,0,1,0,0.1,0.1,0,0.2,1,7,1,0,0,0,0,,,,,,,,0.0,297.0,0.0,93.5
Jan Paul van Hecke,DF,Brighton,34,33,"2,958",32.9,1,1,2,1,0,0,8,1,1.3,1.3,1.5,2.8,55,228,5,0.03,0.03,0.06,0.03,,,,,,,,0.0,297.0,0.0,93.5
Hwang Hee-chan,"MF,FW",Wolves,21,5,661,7.3,2,0,2,2,0,0,0,0,0.8,0.8,0.1,0.9,15,12,42,0.27,0,0.27,0.27,,,,,,,,0.0,297.0,0.0,22.5
Dean Henderson,GK,Crystal Palace,38,38,"3,420",38,0,0,0,0,0,0,3,0,0,0,0.2,0.2,0,0,0,0,0,0,0,,,,,,,,0.0,297.0,0.0,22.5
Rico Henry,DF,Brentford,5,0,99,1.1,0,0,0,0,0,0,0,0,0,0,0,0,0,4,5,0,0,0,0,,,,,,,,0.0,297.0,0.0,93.5
Mads Hermansen,GK,Leicester City,27,27,"2,385",26.5,0,0,0,0,0,0,1,0,0,0,0,0,0,1,0,0,0,0,0,,,,,,,,0.0,297.0,0.0,22.5
Son Heung-min,FW,Tottenham,30,24,"2,110",23.4,7,9,16,6,1,2,1,0,7.2,5.7,8.2,13.9,96,111,265,0.3,0.38,0.68,0.26,,,,,,,,0.0,297.0,0.0,43.0
James Hill,DF,Bournemouth,10,6,448,5,0,1,1,0,0,0,1,0,0.3,0.3,0.3,0.6,3,16,8,0,0.2,0.2,0,,,,,,,,0.0,297.0,0.0,93.5
Jack Hinshelwood,"MF,DF",Brighton,26,22,"1,842",20.5,5,2,7,5,0,0,5,0,2.7,2.7,1.5,4.2,19,68,54,0.24,0.1,0.34,0.24,,,,,,,,0.0,297.0,0.0,7.0
George Hirst,FW,Ipswich Town,26,5,661,7.3,3,1,4,3,0,0,3,0,2.1,2.1,0.3,2.5,9,13,31,0.41,0.14,0.54,0.41,,,,,,,,0.0,297.0,0.0,43.0
Mason Holgate,"FW,DF",Everton,1,0,6,0.1,0,0,0,0,0,0,0,0,0,0,0,0,0,0,0,0,0,0,0,,,,,,,,0.0,297.0,0.0,4.0
Harry Howell,FW,Brighton,1,0,7,0.1,0,0,0,0,0,0,0,0,0,0,0,0,0,0,3,0,0,0,0,,,,,,,,0.0,297.0,0.0,43.0
Callum Hudson-Odoi,"FW,MF",Nott'ham Forest,31,25,"2,194",24.4,5,2,7,5,0,0,2,0,2.5,2.5,2.7,5.2,130,71,189,0.21,0.08,0.29,0.21,,,,,,,,0.0,297.0,0.0,30.5
Will Hughes,MF,Crystal Palace,33,24,"2,108",23.4,0,3,3,0,0,0,11,0,1.1,1.1,3.1,4.2,20,87,27,0,0.13,0.13,0,,,,,,,,0.0,297.0,0.0,56.5
Dean Huijsen,DF,Bournemouth,32,26,"2,427",27,3,2,5,3,0,0,10,0,1.9,1.9,2,3.9,41,132,10,0.11,0.07,0.19,0.11,,,,,,,,0.0,297.0,0.0,93.5
Omari Hutchinson,"MF,FW",Ipswich Town,31,30,"2,583",28.7,3,2,5,3,0,0,5,0,2.9,2.9,3.5,6.4,97,75,159,0.1,0.07,0.17,0.1,,,,,,,,0.0,297.0,0.0,22.5
Rasmus Højlund,FW,Manchester Utd,32,23,"2,004",22.3,4,0,4,4,0,0,2,0,5.3,5.3,1.8,7.1,28,18,101,0.18,0,0.18,0.18,,,,,,,,0.0,297.0,0.0,43.0
Igor,DF,Brighton,13,10,961,10.7,0,0,0,0,0,0,4,0,0,0,0.2,0.2,9,49,1,0,0,0,0,,,,,,,,0.0,297.0,0.0,93.5
Danny Ings,"FW,MF",West Ham,15,1,284,3.2,1,2,3,1,0,0,0,0,2.3,2.3,1.3,3.5,6,5,29,0.32,0.63,0.95,0.32,,,,,,,,0.0,297.0,0.0,30.5
Player,Pos,Squad,MP,Starts,Min,90s,Gls,Ast,G+A,G-PK,PK,PKatt,CrdY,CrdR,xG,npxG,xAG,npxG+xAG,PrgC,PrgP,PrgR,Gls,Ast,G+A,G-PK,,,,,,,,0.0,297.0,0.0,8.5
Tim Iroegbunam,MF,Everton,18,5,574,6.4,0,1,1,0,0,0,4,0,0.2,0.2,0.2,0.4,8,15,9,0,0.16,0.16,0,,,,,,,,0.0,297.0,0.0,56.5
Andy Irving,MF,West Ham,10,1,166,1.8,0,0,0,0,0,0,2,0,0.1,0.1,0.2,0.4,0,9,4,0,0,0,0,,,,,,,,0.0,297.0,0.0,56.5
Alexander Isak,FW,Newcastle Utd,34,34,"2,756",30.6,23,6,29,19,4,4,1,0,20.3,17.2,4.3,21.6,83,88,217,0.75,0.2,0.95,0.62,,,,,,,,0.0,297.0,0.0,43.0
Alex Iwobi,"FW,MF",Fulham,38,35,"2,981",33.1,9,6,15,9,0,0,1,0,4.7,4.7,7,11.8,144,213,246,0.27,0.18,0.45,0.27,,,,,,,,0.0,297.0,0.0,30.5
Nicolas Jackson,FW,Chelsea,30,28,"2,220",24.7,10,5,15,10,0,0,7,1,12.3,12.3,4.3,16.6,47,38,129,0.41,0.2,0.61,0.41,,,,,,,,0.0,297.0,0.0,43.0
Reece James,"DF,MF",Chelsea,19,12,"1,063",11.8,1,1,2,1,0,0,1,0,0.4,0.4,0.7,1.1,7,64,12,0.08,0.08,0.17,0.08,,,,,,,,0.0,297.0,0.0,8.5
Vitaly Janelt,MF,Brentford,32,27,"2,254",25,1,3,4,1,0,0,3,0,0.8,0.8,2.2,3,17,80,38,0.04,0.12,0.16,0.04,,,,,,,,0.0,297.0,0.0,56.5
Vitezslav Jaros,GK,Liverpool,1,0,12,0.1,0,0,0,0,0,0,0,0,0,0,0,0,0,0,0,0,0,0,0,,,,,,,,0.0,297.0,0.0,22.5
Daniel Jebbison,FW,Bournemouth,16,0,119,1.3,1,0,1,1,0,0,1,0,1,1,0.2,1.2,4,3,16,0.76,0,0.76,0.76,,,,,,,,0.0,297.0,0.0,43.0
Mathias Jensen,MF,Brentford,24,8,862,9.6,0,2,2,0,0,0,2,0,0.2,0.2,1.7,1.9,6,61,27,0,0.21,0.21,0,,,,,,,,0.0,297.0,0.0,56.5
Gabriel Jesus,FW,Arsenal,17,6,608,6.8,3,0,3,3,0,0,4,0,3,3,0.7,3.7,15,19,57,0.44,0,0.44,0.44,,,,,,,,0.0,297.0,0.0,43.0
Raúl Jiménez,FW,Fulham,38,30,"2,494",27.7,12,3,15,9,3,3,4,0,12,9.6,3.3,12.9,35,62,125,0.43,0.11,0.54,0.32,,,,,,,,0.0,297.0,0.0,43.0
Kim Jisoo,DF,Brentford,3,0,30,0.3,0,0,0,0,0,0,0,0,0,0,0,0,0,2,0,0,0,0,0,,,,,,,,0.0,297.0,0.0,93.5
João Pedro,"FW,MF",Brighton,27,23,"1,948",21.6,10,6,16,5,5,5,4,1,8.9,5,5,10,66,78,128,0.46,0.28,0.74,0.23,,,,,,,,0.0,297.0,0.0,30.5
Joelinton,"MF,FW",Newcastle Utd,29,29,"2,393",26.6,4,3,7,4,0,0,10,0,3.9,3.9,2.5,6.4,40,116,110,0.15,0.11,0.26,0.15,,,,,,,,0.0,297.0,0.0,22.5
Ben Johnson,"DF,FW",Ipswich Town,23,14,"1,354",15,1,2,3,1,0,0,5,1,1.1,1.1,1.3,2.3,16,27,33,0.07,0.13,0.2,0.07,,,,,,,,0.0,297.0,0.0,4.0
Brennan Johnson,FW,Tottenham,33,24,"2,177",24.2,11,3,14,11,0,0,5,0,10.4,10.4,2.3,12.7,60,71,197,0.45,0.12,0.58,0.45,,,,,,,,0.0,297.0,0.0,43.0
Sam Johnstone,GK,Wolves,7,7,630,7,0,0,0,0,0,0,0,0,0,0,0,0,0,0,0,0,0,0,0,,,,,,,,0.0,297.0,0.0,22.5
Curtis Jones,"MF,DF",Liverpool,33,19,"1,712",19,3,3,6,3,0,0,3,1,4.3,4.3,1.1,5.4,30,117,79,0.16,0.16,0.32,0.16,,,,,,,,0.0,297.0,0.0,7.0
Jorginho,MF,Arsenal,15,9,704,7.8,0,0,0,0,0,0,5,0,0.1,0.1,0.4,0.5,12,48,6,0,0,0,0,,,,,,,,0.0,297.0,0.0,56.5
Diogo Jota,FW,Liverpool,26,14,"1,196",13.3,6,3,9,6,0,0,2,0,7.9,7.9,1.8,9.8,37,34,88,0.45,0.23,0.68,0.45,,,,,,,,0.0,297.0,0.0,43.0
James Justin,DF,Leicester City,36,34,"2,912",32.4,2,2,4,2,0,0,6,0,1.5,1.5,0.8,2.3,39,91,96,0.06,0.06,0.12,0.06,,,,,,,,0.0,297.0,0.0,93.5
Filip Jørgensen,GK,Chelsea,6,6,540,6,0,0,0,0,0,0,0,0,0,0,0,0,0,0,0,0,0,0,0,,,,,,,,0.0,297.0,0.0,22.5
Ferdi Kadioglu,"DF,MF",Brighton,6,5,385,4.3,1,0,1,1,0,0,1,0,0.4,0.4,0.2,0.6,1,15,27,0.23,0,0.23,0.23,,,,,,,,0.0,297.0,0.0,8.5
Daichi Kamada,MF,Crystal Palace,34,15,"1,564",17.4,0,0,0,0,0,0,4,1,1.1,1.1,1.9,3,25,89,56,0,0,0,0,,,,,,,,0.0,297.0,0.0,56.5
Player,Pos,Squad,MP,Starts,Min,90s,Gls,Ast,G+A,G-PK,PK,PKatt,CrdY,CrdR,xG,npxG,xAG,npxG+xAG,PrgC,PrgP,PrgR,Gls,Ast,G+A,G-PK,,,,,,,,0.0,297.0,0.0,8.5
Boubacar Kamara,MF,Aston Villa,26,20,"1,726",19.2,1,0,1,1,0,0,2,0,0.8,0.8,0.9,1.7,19,85,7,0.05,0,0.05,0.05,,,,,,,,0.0,297.0,0.0,56.5
Joachim Kayi Sanda,DF,Southampton,2,0,14,0.2,0,0,0,0,0,0,0,0,0,0,0,0,0,1,0,0,0,0,0,,,,,,,,0.0,297.0,0.0,93.5
Michael Kayode,DF,Brentford,12,6,528,5.9,0,1,1,0,0,0,2,0,0.2,0.2,1.2,1.5,12,12,24,0,0.17,0.17,0,,,,,,,,0.0,297.0,0.0,93.5
Michael Keane,DF,Everton,14,11,"1,049",11.7,3,0,3,3,0,0,5,0,0.6,0.6,0.1,0.7,1,14,3,0.26,0,0.26,0.26,,,,,,,,0.0,297.0,0.0,93.5
Caoimhín Kelleher,GK,Liverpool,10,10,900,10,0,0,0,0,0,0,0,0,0,0,0,0,0,0,0,0,0,0,0,,,,,,,,0.0,297.0,0.0,22.5
Lloyd Kelly,DF,Newcastle Utd,10,4,303,3.4,0,1,1,0,0,0,2,0,0.4,0.4,0.5,0.9,0,9,5,0,0.3,0.3,0,,,,,,,,0.0,297.0,0.0,93.5
Milos Kerkez,DF,Bournemouth,38,38,"3,336",37.1,2,5,7,2,0,0,4,0,0.6,0.5,3.9,4.4,106,159,197,0.05,0.13,0.19,0.05,,,,,,,,0.0,297.0,0.0,93.5
Bilal El Khannouss,"MF,FW",Leicester City,32,27,"2,182",24.2,2,3,5,2,0,0,4,0,1.3,1.3,4.6,5.8,73,128,89,0.08,0.12,0.21,0.08,,,,,,,,0.0,297.0,0.0,22.5
Abdukodir Khusanov,DF,Manchester City,6,6,503,5.6,0,0,0,0,0,0,1,0,0,0,0.1,0.1,1,25,2,0,0,0,0,,,,,,,,0.0,297.0,0.0,93.5
Max Kilman,DF,West Ham,38,38,"3,348",37.2,0,1,1,0,0,0,5,0,1.6,1.6,1.2,2.8,31,113,6,0,0.03,0.03,0,,,,,,,,0.0,297.0,0.0,93.5
Joshua King,MF,Fulham,8,1,130,1.4,0,0,0,0,0,0,0,0,0.3,0.3,0.4,0.7,3,9,16,0,0,0,0,,,,,,,,0.0,297.0,0.0,56.5
Tom King,GK,Wolves,1,0,1,0,0,0,0,0,0,0,0,0,0,0,0,0,0,0,0,0,0,0,0,,,,,,,,0.0,297.0,0.0,22.5
Antonín Kinský,GK,Tottenham,6,6,540,6,0,0,0,0,0,0,0,0,0,0,0.1,0.1,1,1,0,0,0,0,0,,,,,,,,0.0,297.0,0.0,22.5
Jakub Kiwior,DF,Arsenal,17,10,"1,122",12.5,1,0,1,1,0,0,1,0,0.2,0.2,0.3,0.5,5,48,1,0.08,0,0.08,0.08,,,,,,,,0.0,297.0,0.0,93.5
Justin Kluivert,MF,Bournemouth,34,29,"2,340",26,12,6,18,6,6,6,8,0,10.3,5.6,4.8,10.5,81,105,173,0.46,0.23,0.69,0.23,,,,,,,,0.0,297.0,0.0,56.5
Ibrahima Konaté,DF,Liverpool,31,30,"2,560",28.4,1,2,3,1,0,0,5,0,1.7,1.7,1,2.7,25,115,3,0.04,0.07,0.11,0.04,,,,,,,,0.0,297.0,0.0,93.5
Ezri Konsa,DF,Aston Villa,34,33,"2,936",32.6,2,0,2,2,0,0,1,0,1.3,1.3,0.4,1.7,24,90,11,0.06,0,0.06,0.06,,,,,,,,0.0,297.0,0.0,93.5
Mateo Kovačić,MF,Manchester City,31,25,"2,198",24.4,6,2,8,6,0,0,5,1,1.9,1.9,3.6,5.5,56,164,16,0.25,0.08,0.33,0.25,,,,,,,,0.0,297.0,0.0,56.5
Caleb Kporha,DF,Crystal Palace,2,0,13,0.1,0,0,0,0,0,0,0,0,0,0,0,0,1,0,0,0,0,0,0,,,,,,,,0.0,297.0,0.0,93.5
Emil Krafth,DF,Newcastle Utd,12,2,342,3.8,0,0,0,0,0,0,2,0,0,0,0.1,0.1,5,8,3,0,0,0,0,,,,,,,,0.0,297.0,0.0,93.5
Mohammed Kudus,"FW,MF",West Ham,32,31,"2,590",28.8,5,3,8,5,0,0,2,1,6.9,6.9,3.1,10,98,79,216,0.17,0.1,0.28,0.17,,,,,,,,0.0,297.0,0.0,30.5
Dejan Kulusevski,"MF,FW",Tottenham,32,27,"2,389",26.5,7,4,11,7,0,0,3,0,4.2,4.2,6.2,10.4,120,124,210,0.26,0.15,0.41,0.26,,,,,,,,0.0,297.0,0.0,22.5
Maxence Lacroix,DF,Crystal Palace,35,35,"3,116",34.6,1,1,2,1,0,0,5,0,3.4,3.4,1,4.4,8,65,7,0.03,0.03,0.06,0.03,,,,,,,,0.0,297.0,0.0,93.5
Adam Lallana,MF,Southampton,14,5,361,4,0,2,2,0,0,0,4,0,0.2,0.2,0.9,1.1,6,24,10,0,0.5,0.5,0,,,,,,,,0.0,297.0,0.0,56.5
Tariq Lamptey,DF,Brighton,15,10,860,9.6,2,2,4,2,0,0,0,0,0.4,0.4,0.8,1.2,32,14,45,0.21,0.21,0.42,0.21,,,,,,,,0.0,297.0,0.0,93.5
Player,Pos,Squad,MP,Starts,Min,90s,Gls,Ast,G+A,G-PK,PK,PKatt,CrdY,CrdR,xG,npxG,xAG,npxG+xAG,PrgC,PrgP,PrgR,Gls,Ast,G+A,G-PK,,,,,,,,0.0,297.0,0.0,8.5
Will Lankshear,"FW,MF",Tottenham,3,0,11,0.1,0,0,0,0,0,0,0,0,0,0,0,0,0,0,1,0,0,0,0,,,,,,,,0.0,297.0,0.0,30.5
Roméo Lavia,MF,Chelsea,16,11,797,8.9,0,1,1,0,0,0,4,0,0.3,0.3,0.7,1,3,31,7,0,0.11,0.11,0,,,,,,,,0.0,297.0,0.0,56.5
Mario Lemina,"MF,DF",Wolves,17,15,"1,364",15.2,1,3,4,1,0,0,4,0,1.4,1.4,1.1,2.5,8,48,21,0.07,0.2,0.26,0.07,,,,,,,,0.0,297.0,0.0,7.0
Bernd Leno,GK,Fulham,38,38,"3,420",38,0,1,1,0,0,0,5,0,0,0,0.1,0.1,0,0,0,0,0.03,0.03,0,,,,,,,,0.0,297.0,0.0,22.5
Jefferson Lerma,"MF,DF",Crystal Palace,33,26,"2,274",25.3,0,1,1,0,0,0,9,0,1.1,1.1,1.6,2.7,13,97,26,0,0.04,0.04,0,,,,,,,,0.0,297.0,0.0,7.0
Rico Lewis,"DF,MF",Manchester City,28,21,"1,893",21,1,2,3,1,0,0,5,1,1.4,1.4,0.3,1.7,39,107,78,0.05,0.1,0.14,0.05,,,,,,,,0.0,297.0,0.0,8.5
Keane Lewis-Potter,"DF,FW",Brentford,38,36,"3,093",34.4,1,3,4,1,0,0,7,0,3.1,3.1,3.2,6.3,98,98,156,0.03,0.09,0.12,0.03,,,,,,,,0.0,297.0,0.0,4.0
Myles Lewis-Skelly,DF,Arsenal,23,15,"1,369",15.2,1,0,1,1,0,0,3,2,0.2,0.2,0.4,0.6,37,71,37,0.07,0,0.07,0.07,,,,,,,,0.0,297.0,0.0,93.5
Matthijs de Ligt,DF,Manchester Utd,29,25,"2,123",23.6,2,0,2,2,0,0,3,0,2.5,2.5,0.3,2.8,7,55,6,0.08,0,0.08,0.08,,,,,,,,0.0,297.0,0.0,93.5
Pedro Lima,DF,Wolves,3,1,70,0.8,0,0,0,0,0,0,0,0,0.1,0.1,0.1,0.1,4,4,11,0,0,0,0,,,,,,,,0.0,297.0,0.0,93.5
Victor Lindelöf,DF,Manchester Utd,16,6,704,7.8,0,0,0,0,0,0,1,0,0,0,0.1,0.1,5,26,4,0,0,0,0,,,,,,,,0.0,297.0,0.0,93.5
Jesper Lindstrøm,FW,Everton,25,15,"1,239",13.8,0,1,1,0,0,0,2,0,2.1,2.1,2,4.1,30,25,81,0,0.07,0.07,0,,,,,,,,0.0,297.0,0.0,43.0
Valentino Livramento,DF,Newcastle Utd,37,32,"2,840",31.6,0,1,1,0,0,0,1,0,0.3,0.3,2.6,2.9,83,158,119,0,0.03,0.03,0,,,,,,,,0.0,297.0,0.0,93.5
Sean Longstaff,MF,Newcastle Utd,25,8,798,8.9,0,0,0,0,0,0,2,0,0.6,0.6,0.2,0.8,4,40,22,0,0,0,0,,,,,,,,0.0,297.0,0.0,56.5
Saša Lukić,MF,Fulham,30,28,"2,344",26,0,2,2,0,0,0,12,0,1.2,1.2,2.7,3.9,39,98,33,0,0.08,0.08,0,,,,,,,,0.0,297.0,0.0,56.5
Joe Lumley,GK,Southampton,3,3,270,3,0,0,0,0,0,0,0,0,0,0,0,0,0,0,0,0,0,0,0,,,,,,,,0.0,297.0,0.0,22.5
Massimo Luongo,MF,Ipswich Town,11,2,201,2.2,0,0,0,0,0,0,0,0,0,0,0,0,0,6,1,0,0,0,0,,,,,,,,0.0,297.0,0.0,56.5
Ian Maatsen,DF,Aston Villa,29,10,"1,139",12.7,1,2,3,1,0,0,2,0,0.9,0.9,2.7,3.6,31,50,104,0.08,0.16,0.24,0.08,,,,,,,,0.0,297.0,0.0,93.5
Alexis Mac Allister,MF,Liverpool,35,30,"2,599",28.9,5,5,10,5,0,0,6,0,2.8,2.8,4.7,7.5,36,177,80,0.17,0.17,0.35,0.17,,,,,,,,0.0,297.0,0.0,56.5
James Maddison,MF,Tottenham,31,21,"1,809",20.1,9,7,16,9,0,0,6,0,5.8,5.8,4.2,10,45,164,95,0.45,0.35,0.8,0.45,,,,,,,,0.0,297.0,0.0,56.5
Noni Madueke,FW,Chelsea,32,27,"2,033",22.6,7,3,10,7,0,0,3,0,9.6,9.6,4.2,13.9,154,69,226,0.31,0.13,0.44,0.31,,,,,,,,0.0,297.0,0.0,43.0
Gabriel Magalhães,DF,Arsenal,28,28,"2,363",26.3,3,1,4,3,0,0,4,0,2.6,2.6,0.9,3.5,10,126,11,0.11,0.04,0.15,0.11,,,,,,,,0.0,297.0,0.0,93.5
Edmond-Paris Maghoma,"MF,FW",Brentford,8,0,119,1.3,0,0,0,0,0,0,0,0,0.1,0.1,0.1,0.2,4,13,4,0,0,0,0,,,,,,,,0.0,297.0,0.0,22.5
Harry Maguire,DF,Manchester Utd,27,19,"1,758",19.5,1,0,1,1,0,0,7,0,1.8,1.8,0.6,2.4,7,51,7,0.05,0,0.05,0.05,,,,,,,,0.0,297.0,0.0,93.5
Kobbie Mainoo,MF,Manchester Utd,25,19,"1,651",18.3,0,0,0,0,0,0,5,0,0.7,0.7,1.6,2.3,22,65,47,0,0,0,0,,,,,,,,0.0,297.0,0.0,56.5
Player,Pos,Squad,MP,Starts,Min,90s,Gls,Ast,G+A,G-PK,PK,PKatt,CrdY,CrdR,xG,npxG,xAG,npxG+xAG,PrgC,PrgP,PrgR,Gls,Ast,G+A,G-PK,,,,,,,,0.0,297.0,0.0,8.5
Tyrell Malacia,DF,Manchester Utd,3,2,100,1.1,0,0,0,0,0,0,1,0,0,0,0,0,3,3,6,0,0,0,0,,,,,,,,0.0,297.0,0.0,93.5
Donyell Malen,FW,Aston Villa,14,2,305,3.4,3,0,3,3,0,0,0,0,2.2,2.2,0.2,2.4,12,6,30,0.89,0,0.89,0.89,,,,,,,,0.0,297.0,0.0,43.0
Mateus Mane,MF,Wolves,1,0,2,0,0,0,0,0,0,0,0,0,0,0,0,0,0,0,0,0,0,0,0,,,,,,,,0.0,297.0,0.0,56.5
Orel Mangala,MF,Everton,19,14,"1,261",14,1,0,1,1,0,0,2,0,1.1,1.1,0.6,1.8,6,34,19,0.07,0,0.07,0.07,,,,,,,,0.0,297.0,0.0,56.5
Ryan Manning,"DF,MF",Southampton,24,18,"1,462",16.2,0,1,1,0,0,0,2,0,0.3,0.3,3.2,3.6,14,35,74,0,0.06,0.06,0,,,,,,,,0.0,297.0,0.0,8.5
Solly March,"FW,MF",Brighton,8,1,168,1.9,0,0,0,0,0,0,2,0,0.1,0.1,0.3,0.4,5,2,20,0,0,0,0,,,,,,,,0.0,297.0,0.0,30.5
Omar Marmoush,"FW,MF",Manchester City,16,14,"1,175",13.1,7,0,7,7,0,0,0,0,5.5,5.5,2.8,8.3,29,37,78,0.54,0,0.54,0.54,,,,,,,,0.0,297.0,0.0,30.5
Gabriel Martinelli,"FW,MF",Arsenal,33,25,"2,290",25.4,8,4,12,8,0,0,1,0,7.4,7.4,5,12.4,124,52,289,0.31,0.16,0.47,0.31,,,,,,,,0.0,297.0,0.0,30.5
Emiliano Martínez,GK,Aston Villa,37,37,"3,194",35.5,0,0,0,0,0,0,5,1,0,0,0.5,0.5,0,4,0,0,0,0,0,,,,,,,,0.0,297.0,0.0,22.5
Lisandro Martínez,DF,Manchester Utd,20,20,"1,751",19.5,2,1,3,2,0,0,7,0,1.3,1.3,1.1,2.4,23,117,7,0.1,0.05,0.15,0.1,,,,,,,,0.0,297.0,0.0,93.5
Pape Matar Sarr,MF,Tottenham,36,22,"1,913",21.3,3,2,5,3,0,0,6,0,3.7,3.7,1.6,5.3,33,88,53,0.14,0.09,0.24,0.14,,,,,,,,0.0,297.0,0.0,56.5
Jean-Philippe Mateta,FW,Crystal Palace,37,33,"2,648",29.4,14,2,16,12,2,2,2,0,13.5,11.9,3.2,15.1,45,52,122,0.48,0.07,0.54,0.41,,,,,,,,0.0,297.0,0.0,43.0
Stephy Mavididi,FW,Leicester City,30,16,"1,615",17.9,4,1,5,4,0,0,2,0,1.8,1.8,2.6,4.4,91,57,138,0.22,0.06,0.28,0.22,,,,,,,,0.0,297.0,0.0,43.0
Konstantinos Mavropanos,DF,West Ham,33,21,"2,045",22.7,0,0,0,0,0,0,6,1,1.5,1.5,0.5,2,17,61,2,0,0,0,0,,,,,,,,0.0,297.0,0.0,93.5
Noussair Mazraoui,DF,Manchester Utd,37,34,"2,838",31.5,0,1,1,0,0,0,3,0,0.7,0.7,1.5,2.2,42,115,58,0,0.03,0.03,0,,,,,,,,0.0,297.0,0.0,93.5
Bryan Mbeumo,FW,Brentford,38,38,"3,414",37.9,20,7,27,15,5,6,3,0,12.3,7.5,8.3,15.9,130,141,351,0.53,0.18,0.71,0.4,,,,,,,,0.0,297.0,0.0,43.0
James Mcatee,"MF,FW",Manchester City,15,3,349,3.9,3,0,3,3,0,0,1,0,2.8,2.8,0.5,3.3,7,7,32,0.77,0,0.77,0.77,,,,,,,,0.0,297.0,0.0,22.5
Kasey McAteer,FW,Leicester City,18,9,852,9.5,1,1,2,1,0,0,3,0,1,1,0.7,1.7,19,14,71,0.11,0.11,0.21,0.11,,,,,,,,0.0,297.0,0.0,43.0
Alex McCarthy,GK,Southampton,5,5,450,5,0,0,0,0,0,0,0,0,0,0,0,0,0,0,0,0,0,0,0,,,,,,,,0.0,297.0,0.0,22.5
John McGinn,"MF,FW",Aston Villa,34,27,"2,223",24.7,1,4,5,1,0,0,7,0,3.1,2.8,3.5,6.3,32,103,87,0.04,0.16,0.2,0.04,,,,,,,,0.0,297.0,0.0,22.5
Dwight McNeil,"MF,FW",Everton,21,15,"1,371",15.2,4,6,10,4,0,0,1,0,1.1,1.1,5.2,6.3,38,69,80,0.26,0.39,0.66,0.26,,,,,,,,0.0,297.0,0.0,22.5
Scott McTominay,MF,Manchester Utd,2,0,19,0.2,0,0,0,0,0,0,0,0,0.1,0.1,0,0.1,0,1,2,0,0,0,0,,,,,,,,0.0,297.0,0.0,56.5
Ben Mee,DF,Brentford,7,2,183,2,0,0,0,0,0,0,2,0,0,0,0,0,3,11,2,0,0,0,0,,,,,,,,0.0,297.0,0.0,93.5
Jayden Meghoma,DF,Brentford,1,0,5,0.1,0,0,0,0,0,0,0,0,0,0,0,0,0,0,0,0,0,0,0,,,,,,,,0.0,297.0,0.0,93.5
Mikel Merino,"MF,FW",Arsenal,28,17,"1,586",17.6,7,2,9,7,0,0,4,1,5.9,5.9,2,7.9,11,69,94,0.4,0.11,0.51,0.4,,,,,,,,0.0,297.0,0.0,22.5
Player,Pos,Squad,MP,Starts,Min,90s,Gls,Ast,G+A,G-PK,PK,PKatt,CrdY,CrdR,xG,npxG,xAG,npxG+xAG,PrgC,PrgP,PrgR,Gls,Ast,G+A,G-PK,,,,,,,,0.0,297.0,0.0,8.5
Shumaira Mheuka,MF,Chelsea,1,0,1,0,0,0,0,0,0,0,0,0,0.1,0.1,0,0.1,0,0,0,0,0,0,0,,,,,,,,0.0,297.0,0.0,56.5
Nikola Milenković,DF,Nott'ham Forest,37,37,"3,330",37,5,2,7,5,0,0,4,0,4,4,1.1,5.1,3,51,6,0.14,0.05,0.19,0.14,,,,,,,,0.0,297.0,0.0,93.5
Lewis Miley,MF,Newcastle Utd,14,1,313,3.5,1,0,1,1,0,0,0,0,0.5,0.5,0,0.6,2,17,8,0.29,0,0.29,0.29,,,,,,,,0.0,297.0,0.0,56.5
James Milner,MF,Brighton,4,3,170,1.9,0,0,0,0,0,0,1,0,0.2,0.2,0.2,0.4,1,10,10,0,0,0,0,,,,,,,,0.0,297.0,0.0,56.5
Tyrone Mings,DF,Aston Villa,14,12,"1,120",12.4,0,0,0,0,0,0,1,0,0.8,0.8,0.2,1,7,40,1,0,0,0,0,,,,,,,,0.0,297.0,0.0,93.5
Yankuba Minteh,"FW,MF",Brighton,32,20,"1,838",20.4,6,4,10,6,0,0,6,0,4.1,4.1,5,9.1,90,48,201,0.29,0.2,0.49,0.29,,,,,,,,0.0,297.0,0.0,30.5
Tyrick Mitchell,DF,Crystal Palace,37,37,"3,092",34.4,0,5,5,0,0,0,2,0,1.3,1.3,6.4,7.7,63,70,171,0,0.15,0.15,0,,,,,,,,0.0,297.0,0.0,93.5
Kaoru Mitoma,"FW,MF",Brighton,36,28,"2,603",28.9,10,4,14,10,0,0,1,0,9.2,9.2,4.6,13.8,146,89,291,0.35,0.14,0.48,0.35,,,,,,,,0.0,297.0,0.0,30.5
Jakub Moder,MF,Brighton,4,0,11,0.1,0,0,0,0,0,0,0,0,0,0,0.2,0.2,2,4,0,0,0,0,0,,,,,,,,0.0,297.0,0.0,56.5
Jeremy Monga,"FW,MF",Leicester City,7,0,112,1.2,0,0,0,0,0,0,0,0,0.2,0.2,0,0.2,6,3,10,0,0,0,0,,,,,,,,0.0,297.0,0.0,30.5
Mikey Moore,FW,Tottenham,10,3,366,4.1,0,1,1,0,0,0,0,0,0.2,0.2,0.3,0.5,12,9,40,0,0.25,0.25,0,,,,,,,,0.0,297.0,0.0,43.0
Morato,DF,Nott'ham Forest,26,6,907,10.1,0,0,0,0,0,0,5,0,0.2,0.2,0,0.2,1,19,1,0,0,0,0,,,,,,,,0.0,297.0,0.0,93.5
Álex Moreno,"DF,MF",Nott'ham Forest,15,11,955,10.6,0,1,1,0,0,0,2,0,0.2,0.2,1.3,1.4,26,34,34,0,0.09,0.09,0,,,,,,,,0.0,297.0,0.0,8.5
Sam Morsy,MF,Ipswich Town,33,31,"2,751",30.6,1,1,2,1,0,0,10,0,0.4,0.4,1.2,1.6,22,120,13,0.03,0.03,0.07,0.03,,,,,,,,0.0,297.0,0.0,56.5
Yerson Mosquera,DF,Wolves,5,5,441,4.9,0,0,0,0,0,0,2,0,0.3,0.3,0.1,0.4,0,7,0,0,0,0,0,,,,,,,,0.0,297.0,0.0,93.5
Mason Mount,MF,Manchester Utd,17,8,622,6.9,1,0,1,1,0,0,3,0,3.2,3.2,0.6,3.8,15,33,41,0.14,0,0.14,0.14,,,,,,,,0.0,297.0,0.0,56.5
Divin Mubama,FW,Manchester City,1,0,28,0.3,0,0,0,0,0,0,0,0,0,0,0,0,0,1,0,0,0,0,0,,,,,,,,0.0,297.0,0.0,43.0
Mykhailo Mudryk,FW,Chelsea,7,1,151,1.7,0,0,0,0,0,0,0,0,0.3,0.3,1,1.2,7,5,12,0,0,0,0,,,,,,,,0.0,297.0,0.0,43.0
Marshall Munetsi,"MF,FW",Wolves,14,12,"1,078",12,2,1,3,2,0,0,0,0,3.3,3.3,1.8,5.1,9,10,35,0.17,0.08,0.25,0.17,,,,,,,,0.0,297.0,0.0,22.5
Rodrigo Muniz,FW,Fulham,31,8,964,10.7,8,1,9,8,0,0,1,0,5.8,5.8,0.7,6.5,6,27,31,0.75,0.09,0.84,0.75,,,,,,,,0.0,297.0,0.0,43.0
Daniel Muñoz,DF,Crystal Palace,37,37,"3,228",35.9,4,5,9,4,0,0,10,0,4.9,4.9,5.5,10.5,62,97,206,0.11,0.14,0.25,0.11,,,,,,,,0.0,297.0,0.0,93.5
Arijanet Muric,GK,Ipswich Town,18,18,"1,620",18,0,0,0,0,0,0,1,0,0,0,0,0,0,1,0,0,0,0,0,,,,,,,,0.0,297.0,0.0,22.5
Murillo,DF,Nott'ham Forest,36,36,"3,188",35.4,2,0,2,2,0,0,6,0,1.4,1.4,1.2,2.6,22,115,5,0.06,0,0.06,0.06,,,,,,,,0.0,297.0,0.0,93.5
Jacob Murphy,FW,Newcastle Utd,35,31,"2,360",26.2,8,12,20,8,0,0,4,0,5.7,5.7,8.9,14.6,79,83,231,0.31,0.46,0.76,0.31,,,,,,,,0.0,297.0,0.0,43.0
Vitaliy Mykolenko,DF,Everton,35,35,"3,082",34.2,1,2,3,1,0,0,4,0,0.5,0.5,2.6,3.1,33,110,99,0.03,0.06,0.09,0.03,,,,,,,,0.0,297.0,0.0,93.5
Player,Pos,Squad,MP,Starts,Min,90s,Gls,Ast,G+A,G-PK,PK,PKatt,CrdY,CrdR,xG,npxG,xAG,npxG+xAG,PrgC,PrgP,PrgR,Gls,Ast,G+A,G-PK,,,,,,,,0.0,297.0,0.0,8.5
Iliman Ndiaye,FW,Everton,33,29,"2,430",27,9,0,9,7,2,2,3,0,6.2,4.7,1.9,6.5,86,59,122,0.33,0,0.33,0.26,,,,,,,,0.0,297.0,0.0,43.0
Wilfred Ndidi,MF,Leicester City,28,28,"2,324",25.8,0,5,5,0,0,0,8,0,2,2,1.9,3.9,18,70,75,0,0.19,0.19,0,,,,,,,,0.0,297.0,0.0,56.5
Kosta Nedeljković,DF,Aston Villa,5,0,126,1.4,0,0,0,0,0,0,0,0,0,0,0,0,1,6,0,0,0,0,0,,,,,,,,0.0,297.0,0.0,93.5
Reiss Nelson,FW,Arsenal,1,0,3,0,0,0,0,0,0,0,0,0,0,0,0,0,0,0,0,0,0,0,0,,,,,,,,0.0,297.0,0.0,43.0
Reiss Nelson,FW,Fulham,11,5,487,5.4,1,1,2,1,0,0,1,0,1.1,1.1,1,2.1,45,35,63,0.18,0.18,0.37,0.18,,,,,,,,0.0,297.0,0.0,43.0
Neto,GK,Bournemouth,2,2,180,2,0,0,0,0,0,0,0,0,0,0,0,0,0,0,0,0,0,0,0,,,,,,,,0.0,297.0,0.0,22.5
Pedro Neto,FW,Chelsea,35,24,"2,269",25.2,4,6,10,4,0,0,8,0,3.5,3.5,6.7,10.2,126,60,253,0.16,0.24,0.4,0.16,,,,,,,,0.0,297.0,0.0,43.0
Eddie Nketiah,"FW,MF",Crystal Palace,29,9,"1,034",11.5,3,1,4,3,0,0,6,1,5.8,5.8,1.7,7.4,41,19,79,0.26,0.09,0.35,0.26,,,,,,,,0.0,297.0,0.0,30.5
Christopher Nkunku,FW,Chelsea,27,9,921,10.2,3,2,5,3,0,0,2,0,4.8,4.8,2.1,6.9,17,25,68,0.29,0.2,0.49,0.29,,,,,,,,0.0,297.0,0.0,43.0
Gustavo Nunes,"FW,MF",Brentford,3,0,12,0.1,0,0,0,0,0,0,0,0,0,0,0,0,1,0,0,0,0,0,0,,,,,,,,0.0,297.0,0.0,30.5
Matheus Nunes,"DF,MF",Manchester City,26,19,"1,674",18.6,1,6,7,1,0,0,4,0,1.2,1.2,4.4,5.6,63,79,175,0.05,0.32,0.38,0.05,,,,,,,,0.0,297.0,0.0,8.5
Darwin Núñez,FW,Liverpool,30,8,"1,133",12.6,5,2,7,5,0,0,8,0,5.8,5.8,1.3,7.1,23,27,78,0.4,0.16,0.56,0.4,,,,,,,,0.0,297.0,0.0,43.0
Ethan Nwaneri,"FW,MF",Arsenal,26,11,895,9.9,4,2,6,4,0,0,1,0,1.2,1.2,1.2,2.4,46,33,113,0.4,0.2,0.6,0.4,,,,,,,,0.0,297.0,0.0,30.5
Christian Nørgaard,MF,Brentford,34,34,"2,819",31.3,5,4,9,5,0,0,8,1,4.3,4.3,1.3,5.6,14,154,42,0.16,0.13,0.29,0.16,,,,,,,,0.0,297.0,0.0,56.5
Jake O'Brien,DF,Everton,20,17,"1,571",17.5,2,0,2,2,0,0,5,0,0.8,0.8,0.6,1.3,7,50,25,0.11,0,0.11,0.11,,,,,,,,0.0,297.0,0.0,93.5
Matt O'Riley,MF,Brighton,21,11,938,10.4,2,2,4,1,1,1,1,0,2.8,2,2.4,4.4,22,38,52,0.19,0.19,0.38,0.1,,,,,,,,0.0,297.0,0.0,56.5
Dara O'Shea,DF,Ipswich Town,35,35,"3,122",34.7,0,2,2,0,0,0,6,0,1.3,1.3,0.5,1.8,3,80,8,0,0.06,0.06,0,,,,,,,,0.0,297.0,0.0,93.5
Chidozie Obi-Martin,FW,Manchester Utd,7,1,165,1.8,0,0,0,0,0,0,1,0,0.7,0.7,0,0.7,2,1,12,0,0,0,0,,,,,,,,0.0,297.0,0.0,43.0
Wilson Odobert,"FW,MF",Tottenham,16,9,850,9.4,1,0,1,1,0,0,0,0,1.6,1.6,1,2.6,45,27,66,0.11,0,0.11,0.11,,,,,,,,0.0,297.0,0.0,30.5
Chiedozie Ogbene,FW,Ipswich Town,5,3,238,2.6,0,0,0,0,0,0,0,0,0,0,0.1,0.1,7,0,15,0,0,0,0,,,,,,,,0.0,297.0,0.0,43.0
Caleb Okoli,DF,Leicester City,19,12,"1,125",12.5,1,0,1,1,0,0,4,0,0.6,0.6,0,0.6,3,32,2,0.08,0,0.08,0.08,,,,,,,,0.0,297.0,0.0,93.5
Robin Olsen,GK,Aston Villa,4,1,226,2.5,0,0,0,0,0,0,0,0,0,0,0,0,0,0,0,0,0,0,0,,,,,,,,0.0,297.0,0.0,22.5
Amadou Onana,MF,Aston Villa,26,20,"1,617",18,3,0,3,3,0,0,4,0,2.1,2.1,0.7,2.8,29,75,16,0.17,0,0.17,0.17,,,,,,,,0.0,297.0,0.0,56.5
André Onana,GK,Manchester Utd,34,34,"3,060",34,0,0,0,0,0,0,0,0,0,0,0.2,0.2,0,1,0,0,0,0,0,,,,,,,,0.0,297.0,0.0,22.5
Paul Onuachu,FW,Southampton,25,11,"1,050",11.7,4,1,5,4,0,0,4,0,3.6,3.6,0.5,4.1,7,13,40,0.34,0.09,0.43,0.34,,,,,,,,0.0,297.0,0.0,43.0
Player,Pos,Squad,MP,Starts,Min,90s,Gls,Ast,G+A,G-PK,PK,PKatt,CrdY,CrdR,xG,npxG,xAG,npxG+xAG,PrgC,PrgP,PrgR,Gls,Ast,G+A,G-PK,,,,,,,,0.0,297.0,0.0,8.5
Frank Onyeka,MF,Brentford,2,0,25,0.3,0,0,0,0,0,0,0,0,0,0,0,0,0,1,0,0,0,0,0,,,,,,,,0.0,297.0,0.0,56.5
Lewis Orford,MF,West Ham,2,0,49,0.5,0,0,0,0,0,0,0,0,0,0,0,0,0,0,1,0,0,0,0,,,,,,,,0.0,297.0,0.0,56.5
Stefan Ortega,GK,Manchester City,13,12,"1,100",12.2,0,0,0,0,0,0,1,0,0,0,0,0,0,0,0,0,0,0,0,,,,,,,,0.0,297.0,0.0,22.5
William Osula,FW,Newcastle Utd,14,0,134,1.5,1,0,1,1,0,0,0,0,0.2,0.2,0.1,0.3,5,4,17,0.67,0,0.67,0.67,,,,,,,,0.0,297.0,0.0,43.0
Dango Ouattara,FW,Bournemouth,32,21,"2,005",22.3,7,4,11,7,0,0,3,0,8.4,8.4,5.5,13.8,79,43,191,0.31,0.18,0.49,0.31,,,,,,,,0.0,297.0,0.0,43.0
Nico O’Reilly,DF,Manchester City,9,6,528,5.9,2,0,2,2,0,0,0,0,1.3,1.3,0.4,1.6,16,17,26,0.34,0,0.34,0.34,,,,,,,,0.0,297.0,0.0,93.5
Alex Palmer,GK,Ipswich Town,13,13,"1,170",13,0,0,0,0,0,0,2,0,0,0,0,0,0,1,0,0,0,0,0,,,,,,,,0.0,297.0,0.0,22.5
Cole Palmer,"MF,FW",Chelsea,37,36,"3,191",35.5,15,8,23,11,4,5,7,0,17.3,13.3,10.9,24.2,120,214,187,0.42,0.23,0.65,0.31,,,,,,,,0.0,297.0,0.0,22.5
Emerson Palmieri,DF,West Ham,31,26,"2,113",23.5,2,1,3,2,0,0,5,0,2,2,1.5,3.4,47,66,83,0.09,0.04,0.13,0.09,,,,,,,,0.0,297.0,0.0,93.5
Lucas Paquetá,"MF,FW",West Ham,33,27,"2,380",26.4,4,0,4,2,2,2,10,0,5.3,3.7,3.1,6.8,26,155,85,0.15,0,0.15,0.08,,,,,,,,0.0,297.0,0.0,22.5
Thomas Partey,"MF,DF",Arsenal,35,31,"2,797",31.1,4,2,6,4,0,0,4,0,2.3,2.3,2.1,4.3,36,185,48,0.13,0.06,0.19,0.13,,,,,,,,0.0,297.0,0.0,7.0
Nathan Patterson,DF,Everton,10,3,347,3.9,0,1,1,0,0,0,1,0,0.1,0.1,0.4,0.5,6,13,18,0,0.26,0.26,0,,,,,,,,0.0,297.0,0.0,93.5
Andreas Pereira,MF,Fulham,33,25,"2,013",22.4,2,4,6,2,0,1,7,0,3.8,3,4.6,7.6,29,104,81,0.09,0.18,0.27,0.09,,,,,,,,0.0,297.0,0.0,56.5
Ricardo Pereira,DF,Leicester City,10,4,388,4.3,0,0,0,0,0,0,1,0,0.1,0.1,0,0.1,3,18,5,0,0,0,0,,,,,,,,0.0,297.0,0.0,93.5
Kalvin Phillips,MF,Ipswich Town,19,14,"1,237",13.7,0,0,0,0,0,0,6,1,0.4,0.4,0.2,0.7,4,51,4,0,0,0,0,,,,,,,,0.0,297.0,0.0,56.5
Jaden Philogene Bidace,"FW,MF",Aston Villa,11,2,332,3.7,0,0,0,0,0,0,4,1,0.5,0.5,0.3,0.8,7,4,17,0,0,0,0,,,,,,,,0.0,297.0,0.0,30.5
Jaden Philogene Bidace,"FW,DF",Ipswich Town,10,5,474,5.3,2,0,2,2,0,0,1,0,2,2,0.2,2.2,13,10,36,0.38,0,0.38,0.38,,,,,,,,0.0,297.0,0.0,4.0
Jordan Pickford,GK,Everton,38,38,"3,420",38,0,1,1,0,0,0,7,0,0,0,0.4,0.4,0,0,0,0,0.03,0.03,0,,,,,,,,0.0,297.0,0.0,22.5
Ethan Pinnock,DF,Brentford,22,21,"1,913",21.3,2,0,2,2,0,0,2,0,1.1,1.1,1.2,2.3,3,41,9,0.09,0,0.09,0.09,,,,,,,,0.0,297.0,0.0,93.5
Daniel Podence,"MF,FW",Wolves,2,0,48,0.5,0,0,0,0,0,0,0,0,0,0,0,0,1,2,3,0,0,0,0,,,,,,,,0.0,297.0,0.0,22.5
Alfie Pond,DF,Wolves,1,0,1,0,0,0,0,0,0,0,0,0,0,0,0,0,0,0,0,0,0,0,0,,,,,,,,0.0,297.0,0.0,93.5
Nick Pope,GK,Newcastle Utd,28,28,"2,520",28,0,0,0,0,0,0,2,0,0,0,0,0,0,1,0,0,0,0,0,,,,,,,,0.0,297.0,0.0,22.5
Pedro Porro,DF,Tottenham,33,28,"2,610",29,2,6,8,2,0,0,5,0,1.6,1.6,5,6.6,65,154,109,0.07,0.21,0.28,0.07,,,,,,,,0.0,297.0,0.0,93.5
Jarell Quansah,DF,Liverpool,13,4,495,5.5,0,0,0,0,0,0,2,0,0.1,0.1,0.1,0.2,3,19,4,0,0,0,0,,,,,,,,0.0,297.0,0.0,93.5
Hákon Rafn Valdimarsson,GK,Brentford,2,1,145,1.6,0,0,0,0,0,0,0,0,0,0,0,0,0,0,0,0,0,0,0,,,,,,,,0.0,297.0,0.0,22.5
Player,Pos,Squad,MP,Starts,Min,90s,Gls,Ast,G+A,G-PK,PK,PKatt,CrdY,CrdR,xG,npxG,xAG,npxG+xAG,PrgC,PrgP,PrgR,Gls,Ast,G+A,G-PK,,,,,,,,0.0,297.0,0.0,8.5
Aaron Ramsdale,GK,Southampton,30,30,"2,700",30,0,0,0,0,0,0,2,0,0,0,0,0,0,0,0,0,0,0,0,,,,,,,,0.0,297.0,0.0,22.5
Jacob Ramsey,"FW,MF",Aston Villa,29,19,"1,623",18,1,3,4,1,0,0,4,1,1.6,1.6,2.3,3.9,61,68,114,0.06,0.17,0.22,0.06,,,,,,,,0.0,297.0,0.0,30.5
Marcus Rashford,"FW,MF",Manchester Utd,15,12,978,10.9,4,1,5,4,0,0,2,0,1.7,1.7,2.1,3.8,20,21,79,0.37,0.09,0.46,0.37,,,,,,,,0.0,297.0,0.0,30.5
Marcus Rashford,FW,Aston Villa,10,4,444,4.9,2,2,4,1,1,1,0,0,3.1,2.3,2.3,4.5,22,13,42,0.41,0.41,0.81,0.2,,,,,,,,0.0,297.0,0.0,43.0
David Raya,GK,Arsenal,38,38,"3,420",38,0,0,0,0,0,0,3,0,0,0,0,0,0,14,0,0,0,0,0,,,,,,,,0.0,297.0,0.0,22.5
Harrison Reed,MF,Fulham,12,0,108,1.2,0,0,0,0,0,0,2,0,0.2,0.2,0.1,0.3,1,4,7,0,0,0,0,,,,,,,,0.0,297.0,0.0,56.5
Remy Rees-Dottin,FW,Bournemouth,1,0,1,0,0,0,0,0,0,0,0,0,0,0,0,0,0,0,0,0,0,0,0,,,,,,,,0.0,297.0,0.0,43.0
Sergio Reguilón,DF,Tottenham,4,1,196,2.2,0,0,0,0,0,0,2,0,0.1,0.1,0,0.1,5,13,12,0,0,0,0,,,,,,,,0.0,297.0,0.0,93.5
Vitor Reis,DF,Manchester City,1,0,1,0,0,0,0,0,0,0,0,0,0,0,0,0,0,0,0,0,0,0,0,,,,,,,,0.0,297.0,0.0,93.5
Chadi Riad,DF,Crystal Palace,1,1,90,1,0,0,0,0,0,0,0,0,0,0,0,0,2,7,0,0,0,0,0,,,,,,,,0.0,297.0,0.0,93.5
Declan Rice,MF,Arsenal,35,33,"2,825",31.4,4,7,11,4,0,0,7,1,3.5,3.5,6.6,10.1,90,192,94,0.13,0.22,0.35,0.13,,,,,,,,0.0,297.0,0.0,56.5
Chris Richards,DF,Crystal Palace,24,22,"1,922",21.4,1,0,1,1,0,0,4,1,1.4,1.4,0.1,1.5,6,39,2,0.05,0,0.05,0.05,,,,,,,,0.0,297.0,0.0,93.5
Richarlison,FW,Tottenham,15,4,504,5.6,4,1,5,4,0,0,2,0,3.7,3.7,0.9,4.6,8,11,22,0.71,0.18,0.89,0.71,,,,,,,,0.0,297.0,0.0,43.0
Andrew Robertson,DF,Liverpool,33,29,"2,482",27.6,0,1,1,0,0,0,3,1,1.2,1.2,4.6,5.8,64,176,108,0,0.04,0.04,0,,,,,,,,0.0,297.0,0.0,93.5
Antonee Robinson,DF,Fulham,36,35,"3,167",35.2,0,10,10,0,0,0,8,0,0.7,0.7,4.2,4.9,118,131,274,0,0.28,0.28,0,,,,,,,,0.0,297.0,0.0,93.5
Jay Robinson,"MF,FW",Southampton,4,1,137,1.5,0,0,0,0,0,0,0,0,0,0,0.7,0.7,3,1,10,0,0,0,0,,,,,,,,0.0,297.0,0.0,22.5
Rodri,MF,Manchester City,3,1,73,0.8,0,0,0,0,0,0,0,0,0,0,0,0,1,4,1,0,0,0,0,,,,,,,,0.0,297.0,0.0,56.5
Guido Rodríguez,MF,West Ham,23,16,"1,149",12.8,0,1,1,0,0,0,6,0,0.2,0.2,0.2,0.4,4,33,7,0,0.08,0.08,0,,,,,,,,0.0,297.0,0.0,56.5
Mads Roerslev,DF,Brentford,19,11,"1,101",12.2,0,2,2,0,0,0,2,0,0.2,0.2,3,3.2,17,51,54,0,0.16,0.16,0,,,,,,,,0.0,297.0,0.0,93.5
Morgan Rogers,"FW,MF",Aston Villa,37,37,"3,114",34.6,8,10,18,8,0,0,10,0,6.6,6.6,7.8,14.4,114,123,188,0.23,0.29,0.52,0.23,,,,,,,,0.0,297.0,0.0,30.5
Cristian Romero,DF,Tottenham,18,18,"1,416",15.7,1,0,1,1,0,0,3,0,1.6,1.6,0.6,2.2,12,71,3,0.06,0,0.06,0.06,,,,,,,,0.0,297.0,0.0,93.5
Georginio Rutter,"MF,FW",Brighton,28,19,"1,656",18.4,5,3,8,5,0,0,2,0,4.6,4.6,2.5,7.1,42,67,79,0.27,0.16,0.43,0.27,,,,,,,,0.0,297.0,0.0,22.5
José Sá,GK,Wolves,29,29,"2,609",29,0,0,0,0,0,0,2,0,0,0,0.2,0.2,0,2,0,0,0,0,0,,,,,,,,0.0,297.0,0.0,22.5
Bukayo Saka,"FW,MF",Arsenal,25,20,"1,729",19.2,6,10,16,5,1,1,3,0,6.8,6,7.6,13.7,96,70,255,0.31,0.52,0.83,0.26,,,,,,,,0.0,297.0,0.0,30.5
Mohamed Salah,FW,Liverpool,38,38,"3,371",37.5,29,18,47,20,9,9,1,0,25.2,18.2,14.2,32.4,154,144,488,0.77,0.48,1.25,0.53,,,,,,,,0.0,297.0,0.0,43.0
Player,Pos,Squad,MP,Starts,Min,90s,Gls,Ast,G+A,G-PK,PK,PKatt,CrdY,CrdR,xG,npxG,xAG,npxG+xAG,PrgC,PrgP,PrgR,Gls,Ast,G+A,G-PK,,,,,,,,0.0,297.0,0.0,8.5
William Saliba,DF,Arsenal,35,35,"3,039",33.8,2,0,2,2,0,0,2,1,2.3,2.3,0.9,3.1,16,138,6,0.06,0,0.06,0.06,,,,,,,,0.0,297.0,0.0,93.5
Robert Sánchez,GK,Chelsea,32,32,"2,880",32,0,0,0,0,0,0,5,0,0,0,0.1,0.1,0,1,0,0,0,0,0,,,,,,,,0.0,297.0,0.0,22.5
Jadon Sancho,FW,Chelsea,31,19,"1,764",19.6,3,4,7,3,0,0,2,0,2.2,2.2,3.7,5.8,102,90,225,0.15,0.2,0.36,0.15,,,,,,,,0.0,297.0,0.0,43.0
Ibrahim Sangaré,MF,Nott'ham Forest,13,7,590,6.6,0,1,1,0,0,0,3,0,0,0,0.4,0.4,1,27,4,0,0.15,0.15,0,,,,,,,,0.0,297.0,0.0,56.5
Pablo Sarabia,"MF,FW",Wolves,23,7,814,9,3,2,5,3,0,0,3,0,2.9,2.9,1.8,4.6,15,60,62,0.33,0.22,0.55,0.33,,,,,,,,0.0,297.0,0.0,22.5
Jeremy Sarmiento,MF,Brighton,1,0,9,0.1,0,0,0,0,0,0,0,0,0,0,0,0,0,0,2,0,0,0,0,,,,,,,,0.0,297.0,0.0,56.5
Ismaila Sarr,MF,Crystal Palace,38,30,"2,711",30.1,8,6,14,8,0,0,4,0,10.7,10.7,8.5,19.2,75,85,183,0.27,0.2,0.46,0.27,,,,,,,,0.0,297.0,0.0,56.5
Sávio,"FW,MF",Manchester City,29,21,"1,766",19.6,1,8,9,1,0,0,3,0,5,5,6.9,11.9,137,67,246,0.05,0.41,0.46,0.05,,,,,,,,0.0,297.0,0.0,30.5
Oliver Scarles,"DF,FW",West Ham,15,7,665,7.4,0,0,0,0,0,0,1,0,0.1,0.1,0.1,0.2,12,22,44,0,0,0,0,,,,,,,,0.0,297.0,0.0,4.0
Dane Scarlett,"FW,MF",Tottenham,3,0,34,0.4,0,1,1,0,0,0,0,0,0,0,0,0.1,1,1,1,0,2.65,2.65,0,,,,,,,,0.0,297.0,0.0,30.5
Kevin Schade,FW,Brentford,38,26,"2,293",25.5,11,2,13,11,0,0,3,0,8.2,8.2,3.7,11.9,61,38,165,0.43,0.08,0.51,0.43,,,,,,,,0.0,297.0,0.0,43.0
Fabian Schär,DF,Newcastle Utd,34,33,"2,934",32.6,4,0,4,4,0,0,9,1,3.7,3.7,0.4,4.1,18,118,22,0.12,0,0.12,0.12,,,,,,,,0.0,297.0,0.0,93.5
Jeffrey Schlupp,"MF,DF",Crystal Palace,12,0,103,1.1,0,0,0,0,0,0,0,0,0.2,0.2,0.2,0.3,4,5,9,0,0,0,0,,,,,,,,0.0,297.0,0.0,7.0
Alex Scott,MF,Bournemouth,20,8,755,8.4,0,0,0,0,0,0,3,0,0.7,0.7,0.9,1.6,15,52,33,0,0,0,0,,,,,,,,0.0,297.0,0.0,56.5
Matz Sels,GK,Nott'ham Forest,38,38,"3,420",38,0,0,0,0,0,0,4,0,0,0,0.4,0.4,1,2,0,0,0,0,0,,,,,,,,0.0,297.0,0.0,22.5
Nélson Semedo,DF,Wolves,34,32,"2,886",32.1,0,4,4,0,0,0,8,0,0.9,0.9,2.8,3.7,67,80,119,0,0.12,0.12,0,,,,,,,,0.0,297.0,0.0,93.5
Antoine Semenyo,FW,Bournemouth,37,36,"3,203",35.6,11,5,16,11,0,0,9,0,10,10,5.8,15.8,140,109,282,0.31,0.14,0.45,0.31,,,,,,,,0.0,297.0,0.0,43.0
Marcos Senesi,DF,Bournemouth,17,13,"1,106",12.3,0,0,0,0,0,0,5,0,0.8,0.8,0.2,1.1,12,62,7,0,0,0,0,,,,,,,,0.0,297.0,0.0,93.5
Ryan Sessegnon,"FW,DF",Fulham,16,7,580,6.4,4,2,6,4,0,0,1,0,1.6,1.6,1.1,2.7,18,22,59,0.62,0.31,0.93,0.62,,,,,,,,0.0,297.0,0.0,4.0
Luke Shaw,DF,Manchester Utd,7,4,349,3.9,0,0,0,0,0,0,1,0,0,0,0.7,0.7,7,24,7,0,0,0,0,,,,,,,,0.0,297.0,0.0,93.5
Zain Silcott-Duberry,FW,Bournemouth,1,0,1,0,0,0,0,0,0,0,0,0,0,0,0,0,0,0,0,0,0,0,0,,,,,,,,0.0,297.0,0.0,43.0
Bernardo Silva,"MF,FW",Manchester City,33,29,"2,670",29.7,4,4,8,4,0,0,7,0,3.9,3.9,5.1,9,101,134,200,0.13,0.13,0.27,0.13,,,,,,,,0.0,297.0,0.0,22.5
Jota Silva,"FW,MF",Nott'ham Forest,31,5,854,9.5,3,1,4,3,0,0,5,0,2.1,2.1,2.9,5,21,18,59,0.32,0.11,0.42,0.32,,,,,,,,0.0,297.0,0.0,30.5
Eric da Silva Moreira,"MF,DF",Nott'ham Forest,2,0,30,0.3,0,0,0,0,0,0,0,0,0,0,0,0,1,0,1,0,0,0,0,,,,,,,,0.0,297.0,0.0,7.0
Jahmai Simpson-Pusey,DF,Manchester City,2,1,96,1.1,0,0,0,0,0,0,1,0,0,0,0,0,1,3,0,0,0,0,0,,,,,,,,0.0,297.0,0.0,93.5
Player,Pos,Squad,MP,Starts,Min,90s,Gls,Ast,G+A,G-PK,PK,PKatt,CrdY,CrdR,xG,npxG,xAG,npxG+xAG,PrgC,PrgP,PrgR,Gls,Ast,G+A,G-PK,,,,,,,,0.0,297.0,0.0,8.5
Luis Sinisterra,"FW,MF",Bournemouth,12,1,236,2.6,1,1,2,1,0,0,0,0,1.2,1.2,1.4,2.6,19,6,38,0.38,0.38,0.76,0.38,,,,,,,,0.0,297.0,0.0,30.5
Oliver Skipp,MF,Leicester City,24,10,"1,129",12.5,0,0,0,0,0,0,8,0,0.4,0.4,0.3,0.6,16,35,19,0,0,0,0,,,,,,,,0.0,297.0,0.0,56.5
William Smallbone,MF,Southampton,18,6,690,7.7,1,0,1,1,0,0,1,0,0.6,0.6,0.7,1.3,5,27,25,0.13,0,0.13,0.13,,,,,,,,0.0,297.0,0.0,56.5
Adam Smith,DF,Bournemouth,25,19,"1,590",17.7,0,0,0,0,0,0,7,0,0.7,0.7,0.4,1.1,15,49,34,0,0,0,0,,,,,,,,0.0,297.0,0.0,93.5
Emile Smith Rowe,MF,Fulham,34,25,"2,043",22.7,6,3,9,6,0,0,3,0,4.5,4.5,1.4,6,53,126,127,0.26,0.13,0.4,0.26,,,,,,,,0.0,297.0,0.0,56.5
Dominic Solanke,FW,Tottenham,27,25,"2,201",24.5,9,3,12,8,1,1,0,0,10.9,10.1,2.9,13.1,31,47,88,0.37,0.12,0.49,0.33,,,,,,,,0.0,297.0,0.0,43.0
Carlos Soler,"MF,FW",West Ham,31,14,"1,409",15.7,1,1,2,1,0,0,6,0,1.8,1.8,1.4,3.2,17,56,37,0.06,0.06,0.13,0.06,,,,,,,,0.0,297.0,0.0,22.5
Julio Soler,"DF,FW",Bournemouth,3,0,11,0.1,0,0,0,0,0,0,0,0,0,0,0,0,0,0,2,0,0,0,0,,,,,,,,0.0,297.0,0.0,4.0
Ramón Sosa,"FW,MF",Nott'ham Forest,19,1,295,3.3,1,0,1,1,0,0,1,0,1,1,0.5,1.5,12,6,17,0.31,0,0.31,0.31,,,,,,,,0.0,297.0,0.0,30.5
Tomáš Souček,MF,West Ham,35,30,"2,567",28.5,9,1,10,9,0,0,8,0,6.7,6.7,1,7.8,9,74,68,0.32,0.04,0.35,0.32,,,,,,,,0.0,297.0,0.0,56.5
Boubakary Soumaré,MF,Leicester City,31,25,"2,171",24.1,0,0,0,0,0,0,8,0,0.3,0.3,0.4,0.7,34,105,23,0,0,0,0,,,,,,,,0.0,297.0,0.0,56.5
Djed Spence,DF,Tottenham,25,19,"1,792",19.9,1,2,3,1,0,0,4,1,0.6,0.6,1.8,2.3,59,105,70,0.05,0.1,0.15,0.05,,,,,,,,0.0,297.0,0.0,93.5
Jay Stansfield,MF,Fulham,1,0,1,0,0,0,0,0,0,0,0,0,0,0,0,0,0,0,0,0,0,0,0,,,,,,,,0.0,297.0,0.0,56.5
Jason Steele,GK,Brighton,2,2,180,2,0,0,0,0,0,0,0,0,0,0,0,0,0,0,0,0,0,0,0,,,,,,,,0.0,297.0,0.0,22.5
Jack Stephens,DF,Southampton,19,17,"1,389",15.4,1,0,1,1,0,0,2,2,0.6,0.6,0.2,0.7,14,63,2,0.06,0,0.06,0.06,,,,,,,,0.0,297.0,0.0,93.5
Raheem Sterling,"FW,MF",Arsenal,17,7,499,5.5,0,2,2,0,0,0,1,0,1.4,1.4,0.5,1.9,27,18,79,0,0.36,0.36,0,,,,,,,,0.0,297.0,0.0,30.5
Ross Stewart,FW,Southampton,12,4,389,4.3,1,0,1,1,0,0,1,0,1.1,1.1,0,1.1,3,2,10,0.23,0,0.23,0.23,,,,,,,,0.0,297.0,0.0,43.0
Jakub Stolarczyk,GK,Leicester City,10,10,900,10,0,0,0,0,0,0,1,0,0,0,0,0,0,1,0,0,0,0,0,,,,,,,,0.0,297.0,0.0,22.5
John Stones,"DF,MF",Manchester City,11,6,548,6.1,2,0,2,2,0,0,1,0,0.4,0.4,0.1,0.5,10,21,2,0.33,0,0.33,0.33,,,,,,,,0.0,297.0,0.0,8.5
Jørgen Strand Larsen,FW,Wolves,35,30,"2,587",28.7,14,4,18,14,0,0,4,0,10.3,10.3,3,13.3,17,29,112,0.49,0.14,0.63,0.49,,,,,,,,0.0,297.0,0.0,43.0
Yukinari Sugawara,"DF,MF",Southampton,30,16,"1,557",17.3,1,1,2,1,0,0,4,0,0.5,0.5,2.2,2.7,33,72,78,0.06,0.06,0.12,0.06,,,,,,,,0.0,297.0,0.0,8.5
Kamaldeen Sulemana,"FW,MF",Southampton,26,17,"1,402",15.6,1,1,2,1,0,0,2,0,1.5,1.5,1,2.5,63,27,87,0.06,0.06,0.13,0.06,,,,,,,,0.0,297.0,0.0,30.5
Crysencio Summerville,"FW,MF",West Ham,19,7,786,8.7,1,1,2,1,0,0,2,0,1.6,1.6,1.7,3.3,29,18,71,0.11,0.11,0.23,0.11,,,,,,,,0.0,297.0,0.0,30.5
Sammie Szmodics,"FW,MF",Ipswich Town,20,13,992,11,4,0,4,4,0,0,2,0,3.4,3.4,0.2,3.6,16,19,47,0.36,0,0.36,0.36,,,,,,,,0.0,297.0,0.0,30.5
Dominik Szoboszlai,MF,Liverpool,36,29,"2,491",27.7,6,6,12,6,0,0,6,0,7.3,7.3,7.4,14.7,72,131,127,0.22,0.22,0.43,0.22,,,,,,,,0.0,297.0,0.0,56.5
Player,Pos,Squad,MP,Starts,Min,90s,Gls,Ast,G+A,G-PK,PK,PKatt,CrdY,CrdR,xG,npxG,xAG,npxG+xAG,PrgC,PrgP,PrgR,Gls,Ast,G+A,G-PK,,,,,,,,0.0,297.0,0.0,8.5
Matt Targett,DF,Newcastle Utd,2,0,21,0.2,0,0,0,0,0,0,0,0,0,0,0,0,0,0,1,0,0,0,0,,,,,,,,0.0,297.0,0.0,93.5
James Tarkowski,DF,Everton,33,33,"2,922",32.5,1,1,2,1,0,0,6,0,1.3,1.3,2.9,4.2,9,75,3,0.03,0.03,0.06,0.03,,,,,,,,0.0,297.0,0.0,93.5
Marcus Tavernier,"FW,MF",Bournemouth,29,20,"1,939",21.5,3,5,8,3,0,0,6,0,5.5,5.5,4,9.5,53,128,129,0.14,0.23,0.37,0.14,,,,,,,,0.0,297.0,0.0,30.5
Charlie Taylor,DF,Southampton,8,3,356,4,0,0,0,0,0,0,1,0,0,0,0.1,0.1,3,9,7,0,0,0,0,,,,,,,,0.0,297.0,0.0,93.5
Jack Taylor,MF,Ipswich Town,32,4,860,9.6,1,0,1,1,0,0,4,0,0.7,0.7,0.5,1.3,11,43,23,0.1,0,0.1,0.1,,,,,,,,0.0,297.0,0.0,56.5
Mathys Tel,FW,Tottenham,13,11,911,10.1,2,1,3,1,1,1,2,0,3,2.2,2.6,4.7,28,21,72,0.2,0.1,0.3,0.1,,,,,,,,0.0,297.0,0.0,43.0
Kenny Tete,DF,Fulham,22,21,"1,774",19.7,0,2,2,0,0,0,5,0,1.4,1.4,0.9,2.3,34,63,54,0,0.1,0.1,0,,,,,,,,0.0,297.0,0.0,93.5
Thiago,"FW,MF",Brentford,8,1,175,1.9,0,0,0,0,0,0,0,0,0.1,0.1,0.1,0.2,3,4,8,0,0,0,0,,,,,,,,0.0,297.0,0.0,30.5
Luke Thomas,DF,Leicester City,14,13,"1,110",12.3,0,0,0,0,0,0,3,0,0.4,0.4,0.5,0.9,5,37,16,0,0,0,0,,,,,,,,0.0,297.0,0.0,93.5
Youri Tielemans,MF,Aston Villa,36,35,"3,026",33.6,3,7,10,3,0,1,4,0,3.3,2.5,7,9.5,39,235,48,0.09,0.21,0.3,0.09,,,,,,,,0.0,297.0,0.0,56.5
Kieran Tierney,"DF,FW",Arsenal,13,2,259,2.9,1,0,1,1,0,0,0,0,0.4,0.4,1.4,1.7,8,15,29,0.35,0,0.35,0.35,,,,,,,,0.0,297.0,0.0,4.0
Jurriën Timber,DF,Arsenal,30,27,"2,417",26.9,1,3,4,1,0,0,7,0,1.2,1.2,0.8,2.1,57,146,104,0.04,0.11,0.15,0.04,,,,,,,,0.0,297.0,0.0,93.5
Jean-Clair Todibo,DF,West Ham,27,20,"1,825",20.3,0,0,0,0,0,0,3,0,0.4,0.4,0,0.4,9,38,5,0,0,0,0,,,,,,,,0.0,297.0,0.0,93.5
Harry Toffolo,DF,Nott'ham Forest,4,1,137,1.5,0,0,0,0,0,0,1,0,0,0,0,0,0,2,4,0,0,0,0,,,,,,,,0.0,297.0,0.0,93.5
Takehiro Tomiyasu,DF,Arsenal,1,0,7,0.1,0,0,0,0,0,0,0,0,0.2,0.2,0,0.2,0,1,0,0,0,0,0,,,,,,,,0.0,297.0,0.0,93.5
Sandro Tonali,MF,Newcastle Utd,36,28,"2,630",29.2,4,2,6,4,0,0,5,0,4.4,4.4,2.2,6.6,37,128,53,0.14,0.07,0.21,0.14,,,,,,,,0.0,297.0,0.0,56.5
Pau Torres,DF,Aston Villa,24,23,"2,020",22.4,0,0,0,0,0,0,2,0,0.5,0.5,0.1,0.6,40,97,8,0,0,0,0,,,,,,,,0.0,297.0,0.0,93.5
Conor Townsend,DF,Ipswich Town,6,3,335,3.7,0,1,1,0,0,0,1,0,0,0,0.7,0.7,2,8,13,0,0.27,0.27,0,,,,,,,,0.0,297.0,0.0,93.5
Adama Traoré,"FW,MF",Fulham,36,18,"1,772",19.7,2,7,9,2,0,0,3,0,4,4,4.9,8.9,100,68,161,0.1,0.36,0.46,0.1,,,,,,,,0.0,297.0,0.0,30.5
Boubacar Traoré,MF,Wolves,1,0,1,0,0,0,0,0,0,0,0,0,0,0,0,0,0,0,0,0,0,0,0,,,,,,,,0.0,297.0,0.0,56.5
Mark Travers,GK,Bournemouth,5,5,450,5,0,0,0,0,0,0,0,0,0,0,0,0,0,0,0,0,0,0,0,,,,,,,,0.0,297.0,0.0,22.5
Ryan Trevitt,MF,Brentford,1,0,4,0,0,0,0,0,0,0,0,0,0,0,0,0,0,0,1,0,0,0,0,,,,,,,,0.0,297.0,0.0,56.5
Kieran Trippier,DF,Newcastle Utd,25,14,"1,309",14.5,0,3,3,0,0,0,1,0,0.1,0.1,1.4,1.5,26,117,58,0,0.21,0.21,0,,,,,,,,0.0,297.0,0.0,93.5
Leandro Trossard,FW,Arsenal,38,28,"2,546",28.3,8,7,15,8,0,0,4,1,7.2,7.2,6.1,13.3,80,101,226,0.28,0.25,0.53,0.28,,,,,,,,0.0,297.0,0.0,43.0
Kostas Tsimikas,DF,Liverpool,18,9,837,9.3,0,1,1,0,0,0,2,0,0.4,0.4,2.1,2.5,17,76,43,0,0.11,0.11,0,,,,,,,,0.0,297.0,0.0,93.5
Player,Pos,Squad,MP,Starts,Min,90s,Gls,Ast,G+A,G-PK,PK,PKatt,CrdY,CrdR,xG,npxG,xAG,npxG+xAG,PrgC,PrgP,PrgR,Gls,Ast,G+A,G-PK,,,,,,,,0.0,297.0,0.0,8.5
Axel Tuanzebe,DF,Ipswich Town,22,20,"1,710",19,0,1,1,0,0,0,5,1,0.2,0.2,0.3,0.5,10,61,15,0,0.05,0.05,0,,,,,,,,0.0,297.0,0.0,93.5
Destiny Udogie,DF,Tottenham,25,24,"1,924",21.4,0,1,1,0,0,0,2,0,0.3,0.3,1.5,1.8,54,121,94,0,0.05,0.05,0,,,,,,,,0.0,297.0,0.0,93.5
Manuel Ugarte Ribeiro,MF,Manchester Utd,29,22,"1,785",19.8,1,2,3,1,0,0,11,0,1,1,1.1,2.1,16,61,20,0.05,0.1,0.15,0.05,,,,,,,,0.0,297.0,0.0,56.5
Lesley Ugochukwu,MF,Southampton,26,18,"1,655",18.4,1,1,2,1,0,0,7,0,0.9,0.9,1,1.9,29,49,20,0.05,0.05,0.11,0.05,,,,,,,,0.0,297.0,0.0,56.5
Enes Ünal,"FW,MF",Bournemouth,17,2,345,3.8,2,1,3,2,0,0,2,0,2.7,2.7,0.4,3.1,4,12,22,0.52,0.26,0.78,0.52,,,,,,,,0.0,297.0,0.0,30.5
Virgil van Dijk,DF,Liverpool,37,37,"3,330",37,3,1,4,3,0,0,5,0,2.2,2.2,0.7,3,22,198,6,0.08,0.03,0.11,0.08,,,,,,,,0.0,297.0,0.0,93.5
Jamie Vardy,FW,Leicester City,35,35,"2,823",31.4,9,4,13,8,1,2,5,0,11.2,9.6,3,12.6,29,22,120,0.29,0.13,0.41,0.26,,,,,,,,0.0,297.0,0.0,43.0
Renato Veiga,"DF,MF",Chelsea,7,1,181,2,0,0,0,0,0,0,2,0,0.1,0.1,0,0.1,4,7,3,0,0,0,0,,,,,,,,0.0,297.0,0.0,8.5
Joël Veltman,DF,Brighton,21,19,"1,697",18.9,0,0,0,0,0,0,5,0,0.5,0.5,0.5,0.9,32,85,34,0,0,0,0,,,,,,,,0.0,297.0,0.0,93.5
Micky van de Ven,DF,Tottenham,13,12,"1,015",11.3,0,2,2,0,0,0,4,0,0.6,0.6,1.2,1.7,8,51,1,0,0.18,0.18,0,,,,,,,,0.0,297.0,0.0,93.5
Bart Verbruggen,GK,Brighton,36,36,"3,240",36,0,1,1,0,0,0,5,0,0,0,0,0,0,2,0,0,0.03,0.03,0,,,,,,,,0.0,297.0,0.0,22.5
Jannik Vestergaard,DF,Leicester City,18,16,"1,391",15.5,0,0,0,0,0,0,5,0,0.1,0.1,0.1,0.2,3,32,2,0,0,0,0,,,,,,,,0.0,297.0,0.0,93.5
Guglielmo Vicario,GK,Tottenham,24,24,"2,160",24,0,0,0,0,0,0,1,0,0,0,0,0,0,1,0,0,0,0,0,,,,,,,,0.0,297.0,0.0,22.5
Carlos Vinícius,"MF,FW",Fulham,3,0,16,0.2,0,0,0,0,0,0,0,0,0,0,0,0,1,0,3,0,0,0,0,,,,,,,,0.0,297.0,0.0,22.5
Kyle Walker,DF,Manchester City,15,9,970,10.8,0,0,0,0,0,0,3,0,0.1,0.1,0.4,0.6,12,64,11,0,0,0,0,,,,,,,,0.0,297.0,0.0,93.5
Kyle Walker-Peters,DF,Southampton,33,33,"2,918",32.4,0,2,2,0,0,0,5,0,0.8,0.8,2.8,3.6,114,139,144,0,0.06,0.06,0,,,,,,,,0.0,297.0,0.0,93.5
Christian Walton,GK,Ipswich Town,7,7,630,7,0,0,0,0,0,0,0,0,0,0,0,0,0,0,0,0,0,0,0,,,,,,,,0.0,297.0,0.0,22.5
Aaron Wan-Bissaka,DF,West Ham,36,35,"3,154",35,2,5,7,2,0,0,1,0,1.2,1.2,3.5,4.7,110,149,167,0.06,0.14,0.2,0.06,,,,,,,,0.0,297.0,0.0,93.5
Danny Ward,GK,Leicester City,2,1,135,1.5,0,0,0,0,0,0,0,0,0,0,0,0,0,0,0,0,0,0,0,,,,,,,,0.0,297.0,0.0,22.5
Joel Ward,DF,Crystal Palace,2,1,71,0.8,0,0,0,0,0,0,1,0,0,0,0,0,0,1,1,0,0,0,0,,,,,,,,0.0,297.0,0.0,93.5
James Ward-Prowse,MF,West Ham,15,12,"1,039",11.5,1,1,2,1,0,0,2,0,1.6,1.6,1.9,3.6,11,54,9,0.09,0.09,0.17,0.09,,,,,,,,0.0,297.0,0.0,56.5
James Ward-Prowse,MF,Nott'ham Forest,9,5,400,4.4,0,1,1,0,0,0,2,1,0.1,0.1,1.1,1.2,1,16,3,0,0.23,0.23,0,,,,,,,,0.0,297.0,0.0,56.5
Ollie Watkins,FW,Aston Villa,38,31,"2,598",28.9,16,8,24,14,2,2,2,0,15.3,13.8,3.3,17.1,55,31,165,0.55,0.28,0.83,0.48,,,,,,,,0.0,297.0,0.0,43.0
Adam Webster,DF,Brighton,14,11,887,9.9,0,0,0,0,0,0,1,0,0.2,0.2,0.5,0.7,8,63,2,0,0,0,0,,,,,,,,0.0,297.0,0.0,93.5
Danny Welbeck,FW,Brighton,30,24,"2,115",23.5,10,4,14,9,1,1,5,0,9.6,8.8,1.4,10.1,21,47,95,0.43,0.17,0.6,0.38,,,,,,,,0.0,297.0,0.0,43.0
Player,Pos,Squad,MP,Starts,Min,90s,Gls,Ast,G+A,G-PK,PK,PKatt,CrdY,CrdR,xG,npxG,xAG,npxG+xAG,PrgC,PrgP,PrgR,Gls,Ast,G+A,G-PK,,,,,,,,0.0,297.0,0.0,8.5
Welington,DF,Southampton,10,6,482,5.4,0,0,0,0,0,0,1,0,0,0,0.1,0.1,5,11,19,0,0,0,0,,,,,,,,0.0,297.0,0.0,93.5
Timo Werner,"FW,MF",Tottenham,18,4,516,5.7,0,3,3,0,0,0,0,0,1,1,2.5,3.5,42,30,89,0,0.52,0.52,0,,,,,,,,0.0,297.0,0.0,30.5
Adam Wharton,MF,Crystal Palace,20,16,"1,318",14.6,0,2,2,0,0,0,2,0,0.4,0.4,3,3.4,14,107,11,0,0.14,0.14,0,,,,,,,,0.0,297.0,0.0,56.5
Ben White,DF,Arsenal,17,13,"1,198",13.3,0,2,2,0,0,0,2,0,0.5,0.5,1.4,1.8,23,59,42,0,0.15,0.15,0,,,,,,,,0.0,297.0,0.0,93.5
Mats Wieffer,"DF,MF",Brighton,25,10,"1,015",11.3,1,3,4,1,0,0,6,0,0.8,0.8,1.6,2.4,18,62,23,0.09,0.27,0.35,0.09,,,,,,,,0.0,297.0,0.0,8.5
Neco Williams,DF,Nott'ham Forest,35,28,"2,594",28.8,1,3,4,1,0,0,7,0,2.3,2.3,1.6,3.9,68,89,103,0.03,0.1,0.14,0.03,,,,,,,,0.0,297.0,0.0,93.5
Willian,"FW,MF",Fulham,10,2,257,2.9,0,0,0,0,0,0,0,0,0.3,0.3,0.5,0.8,11,40,33,0,0,0,0,,,,,,,,0.0,297.0,0.0,30.5
Joe Willock,"MF,FW",Newcastle Utd,32,11,"1,086",12.1,0,2,2,0,0,0,4,0,1.6,1.6,2.1,3.8,38,41,86,0,0.17,0.17,0,,,,,,,,0.0,297.0,0.0,22.5
Callum Wilson,FW,Newcastle Utd,18,2,370,4.1,0,0,0,0,0,0,1,0,0.4,0.4,0.1,0.5,5,4,17,0,0,0,0,,,,,,,,0.0,297.0,0.0,43.0
Harry Wilson,"FW,MF",Fulham,25,12,"1,162",12.9,6,1,7,6,0,0,2,0,4.2,4.2,1.1,5.3,22,51,96,0.46,0.08,0.54,0.46,,,,,,,,0.0,297.0,0.0,30.5
Harry Winks,MF,Leicester City,22,17,"1,538",17.1,0,2,2,0,0,0,4,0,0.2,0.2,1.2,1.5,19,101,11,0,0.12,0.12,0,,,,,,,,0.0,297.0,0.0,56.5
Ben Winterburn,"MF,FW",Bournemouth,4,0,24,0.3,0,0,0,0,0,0,0,0,0,0,0,0,2,0,2,0,0,0,0,,,,,,,,0.0,297.0,0.0,22.5
Yoane Wissa,FW,Brentford,35,34,"2,919",32.4,19,4,23,19,0,0,5,0,18.5,18.5,2.6,21.1,60,67,154,0.59,0.12,0.71,0.59,,,,,,,,0.0,297.0,0.0,43.0
Chris Wood,FW,Nott'ham Forest,36,35,"2,959",32.9,20,3,23,17,3,3,1,0,13.4,11,2.6,13.6,14,42,94,0.61,0.09,0.7,0.52,,,,,,,,0.0,297.0,0.0,43.0
Nathan Wood-Gordon,DF,Southampton,11,9,773,8.6,0,0,0,0,0,0,2,0,0.2,0.2,0,0.3,2,17,0,0,0,0,0,,,,,,,,0.0,297.0,0.0,93.5
Luke Woolfenden,DF,Ipswich Town,15,12,"1,187",13.2,0,0,0,0,0,0,2,0,0,0,0,0,7,15,0,0,0,0,0,,,,,,,,0.0,297.0,0.0,93.5
Yehor Yarmoliuk,MF,Brentford,31,15,"1,450",16.1,0,0,0,0,0,0,6,0,0.6,0.6,0.9,1.5,15,63,47,0,0,0,0,,,,,,,,0.0,297.0,0.0,56.5
Ryan Yates,MF,Nott'ham Forest,35,18,"1,915",21.3,2,1,3,2,0,0,10,0,2.3,2.3,1.2,3.5,18,53,16,0.09,0.05,0.14,0.09,,,,,,,,0.0,297.0,0.0,56.5
Leny Yoro,DF,Manchester Utd,21,12,"1,165",12.9,0,0,0,0,0,0,5,0,0.7,0.7,0.1,0.8,19,52,4,0,0,0,0,,,,,,,,0.0,297.0,0.0,93.5
Ashley Young,DF,Everton,32,19,"1,875",20.8,1,3,4,1,0,0,7,1,0.3,0.3,2.3,2.6,24,90,32,0.05,0.14,0.19,0.05,,,,,,,,0.0,297.0,0.0,93.5
Illia Zabarnyi,DF,Bournemouth,36,35,"3,109",34.5,0,1,1,0,0,0,4,1,1.3,1.3,0.7,2,27,140,4,0,0.03,0.03,0,,,,,,,,0.0,297.0,0.0,93.5
Oleksandr Zinchenko,"DF,MF",Arsenal,15,5,527,5.9,0,1,1,0,0,0,1,0,0.6,0.6,0.2,0.8,10,48,14,0,0.17,0.17,0,,,,,,,,0.0,297.0,0.0,8.5
Joshua Zirkzee,"FW,MF",Manchester Utd,32,14,"1,402",15.6,3,1,4,3,0,0,2,0,4.8,4.8,1.5,6.3,14,44,69,0.19,0.06,0.26,0.19,,,,,,,,0.0,297.0,0.0,30.5
Martin Ødegaard,MF,Arsenal,30,26,"2,325",25.8,3,8,11,2,1,1,4,0,4.8,4,5.4,9.5,92,258,154,0.12,0.31,0.43,0.08,,,,,,,,0.0,297.0,0.0,56.5
