Player,Pos,Squad,Age,Born,MP,Starts,Min,90s,Gls,Ast,G+A,G-PK,PK,PKatt,CrdY,CrdR,xG,npxG,xAG,npxG+xAG,PrgC,PrgP,PrgR,Gls,Ast,G+A,G-PK,G+A-PK,xG,xAG,xG+xAG,npxG,npxG+xAG,Matches
Adriana Achci?ska,MF,pl Poland,23-085,2002,3,3,231,2.6,0,0,0,0,0,0,1,0,0,0,0.5,0.5,1,7,4,0,0,0,0,0,0.01,0.18,0.19,0.01,0.19,Matches
Kayla Adamek,MF,pl Poland,30-165,1995,1,0,32,0.4,0,0,0,0,0,0,0,0,0,0,0,0,0,0,1,0,0,0,0,0,0.05,0,0.05,0.05,0.05,Matches
Michelle Agyemang,DF,eng England,19-163,2006,1,0,5,0.1,0,0,0,0,0,0,0,0,0.1,0.1,0,0.1,0,0,0,0,0,0,0,0,2.53,0,2.53,2.53,2.53,Matches
Olga Ahtinen,"MF,FW",fi Finland,,,2,0,37,0.4,0,0,0,0,0,0,0,0,0.1,0.1,0,0.1,0,1,1,0,0,0,0,0,0.2,0,0.2,0.2,0.2,Matches
Laia Aleixandri,DF,es Spain,24-325,2000,2,2,180,2,0,0,0,0,0,0,1,0,0,0,0,0,0,20,0,0,0,0,0,0,0,0.01,0.01,0,0.01,Matches
LŻcia Alves,DF,pt Portugal,27-267,1997,1,0,45,0.5,0,0,0,0,0,0,0,0,0,0,0,0,0,2,2,0,0,0,0,0,0,0,0,0,0,Matches
Catarina Amado,DF,pt Portugal,25-360,1999,3,2,161,1.8,0,0,0,0,0,0,0,0,0,0,0.1,0.1,5,1,1,0,0,0,0,0,0,0.05,0.05,0,0.05,Matches
Jonna Andersson,DF,se Sweden,32-195,1993,3,2,225,2.5,0,1,1,0,0,0,0,0,0,0,0.5,0.5,1,9,5,0,0.4,0.4,0,0.4,0.01,0.19,0.2,0.01,0.2,Matches
Filippa Angeldahl,MF,se Sweden,28-002,1997,3,3,260,2.9,1,0,1,1,0,0,0,0,0.9,0.9,0.2,1.1,5,36,14,0.35,0,0.35,0.35,0.35,0.3,0.07,0.37,0.3,0.37,Matches
Hildur Antonsdóttir,MF,is Iceland,29-301,1995,2,2,113,1.3,0,0,0,0,0,0,2,1,0,0,0,0,1,5,4,0,0,0,0,0,0,0,0,0,0,Matches
Gu?n? ?rnadóttir,DF,is Iceland,24-346,2000,2,2,123,1.4,0,0,0,0,0,0,0,0,0,0,0,0,3,2,0,0,0,0,0,0,0,0,0,0,0,Matches
Gu?rŻn Arnardóttir,DF,is Iceland,29-352,1995,3,3,270,3,0,0,0,0,0,0,0,0,0.1,0.1,0,0.1,1,3,2,0,0,0,0,0,0.03,0,0.03,0.03,0.03,Matches
Kosovare Asllani,MF,se Sweden,35-352,1989,3,3,203,2.3,1,3,4,1,0,0,1,0,0.8,0.8,1.6,2.4,4,10,18,0.44,1.33,1.77,0.44,1.77,0.36,0.71,1.06,0.36,1.06,Matches
Selma Bacha,DF,fr France,24-249,2000,3,3,225,2.5,0,0,0,0,0,0,1,0,0.1,0.1,0.1,0.3,10,14,4,0,0,0,0,0,0.06,0.06,0.11,0.06,0.11,Matches
Stine Ballisager Pedersen,DF,dk Denmark,31-194,1994,3,3,270,3,0,0,0,0,0,0,0,0,0,0,0,0,0,4,0,0,0,0,0,0,0,0,0,0,0,Matches
Sandy Baltimore,"FW,MF",fr France,25-147,2000,3,2,167,1.9,1,0,1,1,0,0,0,0,0.5,0.5,0.4,0.9,6,7,12,0.54,0,0.54,0.54,0.54,0.26,0.24,0.49,0.26,0.49,Matches
Ona Batlle,DF,es Spain,26-036,1999,2,2,155,1.7,0,0,0,0,0,0,1,0,0,0,0.2,0.2,3,18,13,0,0,0,0,0,0,0.13,0.13,0,0.13,Matches
Maja Bay ?stergaard,GK,dk Denmark,27-110,1998,3,3,270,3,0,0,0,0,0,0,0,0,0,0,0.1,0.1,0,0,0,0,0,0,0,0,0,0.04,0.04,0,0.04,Matches
Lineth Beerensteyn,FW,nl Netherlands,28-278,1996,3,1,155,1.7,0,0,0,0,0,0,0,0,0.9,0.9,0.2,1.1,1,1,7,0,0,0,0,0,0.53,0.09,0.62,0.53,0.62,Matches
Agnes Beever-Jones,FW,eng England,21-354,2003,2,0,41,0.5,1,1,2,1,0,0,0,0,0.5,0.5,0.5,1,0,1,4,2.2,2.2,4.39,2.2,4.39,1.11,1.04,2.15,1.11,2.15,Matches
Iman Beney,DF,ch Switzerland,18-358,2006,3,3,261,2.9,0,0,0,0,0,0,0,0,0.4,0.4,0.4,0.8,10,6,17,0,0,0,0,0,0.15,0.13,0.28,0.15,0.28,Matches
Hanna Bennison,MF,se Sweden,22-273,2002,3,1,114,1.3,0,0,0,0,0,0,0,0,0,0,0,0,1,6,3,0,0,0,0,0,0,0,0,0,0,Matches
Valentina Bergamaschi,DF,it Italy,28-175,1997,1,0,3,0,0,0,0,0,0,0,0,0,0.1,0.1,0,0.1,0,0,0,0,0,0,0,0,2.32,0.8,3.12,2.32,3.12,Matches
Ann-Katrin Berger,GK,de Germany,34-280,1990,3,3,270,3,0,0,0,0,0,0,0,0,0,0,0,0,0,0,0,0,0,0,0,0,0,0.01,0.01,0,0.01,Matches
Thea Bjelde,DF,no Norway,25-041,2000,2,2,180,2,0,0,0,0,0,0,1,0,0,0,0,0,0,4,0,0,0,0,0,0,0.01,0,0.01,0.01,0.01,Matches
Player,Pos,Squad,Age,Born,MP,Starts,Min,90s,Gls,Ast,G+A,G-PK,PK,PKatt,CrdY,CrdR,xG,npxG,xAG,npxG+xAG,PrgC,PrgP,PrgR,Gls,Ast,G+A,G-PK,G+A-PK,xG,xAG,xG+xAG,npxG,npxG+xAG,Matches
Nathalie Björn,DF,se Sweden,28-073,1997,3,3,225,2.5,0,0,0,0,0,0,0,0,0.3,0.3,0.5,0.8,3,19,0,0,0,0,0,0,0.11,0.21,0.33,0.11,0.33,Matches
Stina Blackstenius,FW,se Sweden,29-161,1996,3,3,244,2.7,2,0,2,2,0,0,0,0,3.5,3.5,0.1,3.7,5,3,13,0.74,0,0.74,0.74,0.74,1.31,0.04,1.35,1.31,1.35,Matches
Jassina Blom,"FW,MF",be Belgium,30-316,1994,2,1,45,0.5,0,0,0,0,0,0,0,0,0,0,0.3,0.3,0,3,2,0,0,0,0,0,0,0.65,0.65,0,0.65,Matches
Rebecka Blomqvist,FW,se Sweden,27-357,1997,1,0,25,0.3,0,0,0,0,0,0,0,0,0.1,0.1,0,0.1,0,2,0,0,0,0,0,0,0.5,0,0.5,0.5,0.5,Matches
Lisa Boattin,DF,it Italy,28-074,1997,3,3,267,3,0,0,0,0,0,0,0,0,0.1,0.1,0.5,0.6,2,10,6,0,0,0,0,0,0.02,0.18,0.2,0.02,0.2,Matches
Lou Bogaert,DF,fr France,21-021,2004,2,0,45,0.5,0,0,0,0,0,0,0,0,0,0,0,0,2,3,3,0,0,0,0,0,0,0,0,0,0,Matches
Barbara Bonansea,"MF,FW",it Italy,34-033,1991,2,1,80,0.9,0,0,0,0,0,0,0,0,0.5,0.5,0,0.5,1,0,2,0,0,0,0,0,0.59,0,0.59,0.59,0.59,Matches
Aitana BonmatĪ,MF,es Spain,27-179,1998,3,1,145,1.6,0,0,0,0,0,0,0,0,0.4,0.4,0.6,1,7,8,16,0,0,0,0,0,0.24,0.39,0.63,0.24,0.63,Matches
Ana Borges,DF,pt Portugal,35-031,1990,2,1,134,1.5,0,0,0,0,0,0,2,1,0,0,0.1,0.1,1,4,4,0,0,0,0,0,0,0.04,0.04,0,0.04,Matches
Jule Brand,FW,de Germany,22-273,2002,3,3,269,3,2,2,4,2,0,0,0,0,0.6,0.6,1.1,1.6,12,13,27,0.67,0.67,1.34,0.67,1.34,0.19,0.35,0.55,0.19,0.55,Matches
Marit Bratberg Lund,DF,no Norway,27-251,1997,3,2,223,2.5,0,0,0,0,0,0,2,1,0,0,0.1,0.1,2,5,1,0,0,0,0,0,0,0.04,0.04,0,0.04,Matches
Sofie Bredgaard,FW,dk Denmark,23-179,2002,1,0,66,0.7,0,0,0,0,0,0,0,0,0.2,0.2,0.2,0.4,0,1,8,0,0,0,0,0,0.23,0.3,0.53,0.23,0.53,Matches
Lucy Bronze,DF,eng England,33-261,1991,3,3,251,2.8,0,0,0,0,0,0,0,0,0.1,0.1,0.2,0.3,5,23,13,0,0,0,0,0,0.05,0.07,0.12,0.05,0.12,Matches
Esmee Brugts,"DF,FW",nl Netherlands,21-353,2003,3,2,138,1.5,1,0,1,1,0,0,0,0,0.2,0.2,0,0.2,1,8,7,0.65,0,0.65,0.65,0.65,0.16,0,0.16,0.16,0.16,Matches
Signe Bruun,FW,dk Denmark,27-101,1998,3,1,149,1.7,1,0,1,1,0,0,0,0,1,1,0.1,1.1,0,3,9,0.6,0,0.6,0.6,0.6,0.63,0.04,0.67,0.63,0.67,Matches
Dagn? Brynjarsdóttir,MF,is Iceland,33-340,1991,3,1,153,1.7,0,0,0,0,0,0,0,0,0.1,0.1,0.1,0.2,1,8,1,0,0,0,0,0,0.06,0.07,0.14,0.06,0.14,Matches
Klara Bühl,FW,de Germany,24-221,2000,3,3,264,2.9,0,0,0,0,0,0,0,0,0.8,0.8,1.8,2.6,37,11,54,0,0,0,0,0,0.28,0.6,0.88,0.28,0.88,Matches
Veerle Buurman,DF,nl Netherlands,19-086,2006,2,2,125,1.4,0,0,0,0,0,0,0,0,0,0,0,0,2,6,0,0,0,0,0,0,0,0,0,0,0,Matches
Vilde B?e Risa,MF,no Norway,30-003,1995,3,3,154,1.7,0,3,3,0,0,0,0,0,0.1,0.1,0.6,0.8,0,8,3,0,1.75,1.75,0,1.75,0.07,0.38,0.44,0.07,0.44,Matches
Hannah Cain,"MF,FW",wls Wales,26-155,1999,3,1,116,1.3,1,0,1,1,0,0,0,0,0.5,0.5,0.1,0.6,1,1,4,0.78,0,0.78,0.78,0.78,0.38,0.1,0.47,0.38,0.47,Matches
Mariona Caldentey,"FW,MF",es Spain,29-119,1996,3,3,223,2.5,1,2,3,1,0,0,0,0,0.4,0.4,1.3,1.7,10,28,44,0.4,0.81,1.21,0.4,1.21,0.15,0.53,0.67,0.15,0.67,Matches
Viola Calligaris,DF,ch Switzerland,29-121,1996,3,3,270,3,0,0,0,0,0,0,0,0,0,0,0,0,1,7,0,0,0,0,0,0,0,0,0,0,0,Matches
Michela Cambiaghi,"FW,MF",it Italy,29-162,1996,3,0,57,0.6,0,0,0,0,0,0,0,0,0.3,0.3,0.1,0.4,2,0,7,0,0,0,0,0,0.47,0.15,0.63,0.47,0.63,Matches
Sofia Cantore,"FW,MF",it Italy,25-289,1999,3,3,213,2.4,0,0,0,0,0,0,1,0,0.1,0.1,0.7,0.7,10,2,21,0,0,0,0,0,0.03,0.28,0.32,0.03,0.32,Matches
Ana Capeta,FW,pt Portugal,27-206,1997,3,2,142,1.6,0,0,0,0,0,0,0,0,0.4,0.4,0.1,0.6,2,2,11,0,0,0,0,0,0.26,0.09,0.36,0.26,0.36,Matches
Player,Pos,Squad,Age,Born,MP,Starts,Min,90s,Gls,Ast,G+A,G-PK,PK,PKatt,CrdY,CrdR,xG,npxG,xAG,npxG+xAG,PrgC,PrgP,PrgR,Gls,Ast,G+A,G-PK,G+A-PK,xG,xAG,xG+xAG,npxG,npxG+xAG,Matches
Olga Carmona,DF,es Spain,25-034,2000,2,2,175,1.9,0,1,1,0,0,0,0,0,0.1,0.1,0.5,0.6,8,20,21,0,0.51,0.51,0,0.51,0.06,0.25,0.31,0.06,0.31,Matches
Jess Carter,DF,eng England,27-262,1997,3,3,239,2.7,0,0,0,0,0,0,0,0,0,0,0,0,1,11,3,0,0,0,0,0,0,0,0,0,0,Matches
Arianna Caruso,MF,it Italy,25-252,1999,3,3,270,3,1,0,1,1,0,0,0,0,0.4,0.4,0.5,0.9,5,9,7,0.33,0,0.33,0.33,0.33,0.12,0.17,0.29,0.12,0.29,Matches
Delphine Cascarino,FW,fr France,28-161,1997,2,2,131,1.5,2,2,4,2,0,0,0,0,0.5,0.5,1.4,1.9,8,5,12,1.37,1.37,2.75,1.37,2.75,0.34,0.96,1.3,0.34,1.3,Matches
Kerstin Casparij,DF,nl Netherlands,24-331,2000,3,3,243,2.7,0,0,0,0,0,0,0,0,0,0,0.3,0.3,7,16,13,0,0,0,0,0,0,0.13,0.13,0,0.13,Matches
Janice Cayman,DF,be Belgium,36-277,1988,3,3,270,3,1,0,1,1,0,0,0,0,0.5,0.5,0,0.5,0,6,0,0.33,0,0.33,0.33,0.33,0.16,0,0.16,0.16,0.16,Matches
Selina Cerci,FW,de Germany,25-046,2000,2,0,20,0.2,0,0,0,0,0,0,0,0,0.1,0.1,0,0.1,1,1,3,0,0,0,0,0,0.28,0,0.28,0.28,0.28,Matches
Niamh Charles,DF,eng England,26-025,1999,3,0,50,0.6,0,0,0,0,0,0,0,0,0,0,0,0,0,1,5,0,0,0,0,0,0,0,0,0,0,Matches
Olivia Clark,GK,wls Wales,23-320,2001,2,2,180,2,0,0,0,0,0,0,0,0,0,0,0,0,0,0,0,0,0,0,0,0,0,0,0,0,0,Matches
Grace Clinton,MF,eng England,22-107,2003,2,0,29,0.3,0,0,0,0,0,0,0,0,0.1,0.1,0,0.1,0,0,0,0,0,0,0,0,0.25,0,0.25,0.25,0.25,Matches
Carole Costa,DF,pt Portugal,35-074,1990,3,3,270,3,0,0,0,0,0,0,0,0,0.2,0.2,0,0.2,3,7,0,0,0,0,0,0,0.05,0.02,0.07,0.05,0.07,Matches
Ana-Maria Crnogor?evi?,DF,ch Switzerland,34-286,1990,3,0,83,0.9,0,0,0,0,0,0,0,0,0.1,0.1,0.1,0.2,0,13,5,0,0,0,0,0,0.11,0.1,0.21,0.11,0.21,Matches
Sara Däbritz,MF,de Germany,30-151,1995,1,0,7,0.1,0,0,0,0,0,0,0,0,0,0,0,0,1,0,1,0,0,0,0,0,0,0,0,0,0,Matches
Linda Dallmann,MF,de Germany,30-317,1994,2,2,138,1.5,0,0,0,0,0,0,0,0,0.3,0.3,0.1,0.4,3,6,7,0,0,0,0,0,0.2,0.09,0.28,0.2,0.28,Matches
Élisa De Almeida,DF,fr France,27-186,1998,2,2,169,1.9,0,0,0,0,0,0,0,0,0.1,0.1,0.3,0.4,5,7,6,0,0,0,0,0,0.05,0.15,0.2,0.05,0.2,Matches
Tine De Caigny,MF,be Belgium,28-037,1997,1,0,4,0,0,0,0,0,0,0,0,0,0,0,0,0,0,0,0,0,0,0,0,0,0,0,0,0,0,Matches
Athenea del Castillo,"FW,MF",es Spain,24-265,2000,3,1,120,1.3,1,0,1,1,0,0,0,0,0.1,0.1,0.1,0.2,2,7,12,0.75,0,0.75,0.75,0.75,0.1,0.04,0.14,0.1,0.14,Matches
Laura Deloose,DF,be Belgium,32-028,1993,3,3,266,3,0,0,0,0,0,0,0,0,0,0,0.4,0.4,4,13,6,0,0,0,0,0,0,0.12,0.12,0,0.12,Matches
Marie Detruyer,"MF,FW",be Belgium,21-184,2004,2,0,83,0.9,0,0,0,0,0,0,0,0,0.2,0.2,0.5,0.7,1,0,6,0,0,0,0,0,0.22,0.55,0.78,0.22,0.78,Matches
Elena Dhont,"FW,DF",be Belgium,27-111,1998,3,0,55,0.6,0,0,0,0,0,0,1,0,0,0,0,0,1,0,1,0,0,0,0,0,0,0,0,0,0,Matches
Lucia Di Guglielmo,DF,it Italy,28-020,1997,2,2,127,1.4,0,1,1,0,0,0,1,0,0,0,0.1,0.1,4,3,8,0,0.71,0.71,0,0.71,0.02,0.04,0.06,0.02,0.06,Matches
Kadidiatou Diani,"FW,MF",fr France,30-106,1995,3,1,139,1.5,1,1,2,0,1,1,0,0,1.6,0.9,0.9,1.8,3,4,18,0.65,0.65,1.29,0,0.65,1.03,0.59,1.62,0.56,1.15,Matches
Caitlin Dijkstra,DF,nl Netherlands,26-167,1999,3,0,62,0.7,0,0,0,0,0,0,1,0,0.1,0.1,0,0.1,4,5,0,0,0,0,0,0,0.12,0.03,0.15,0.12,0.15,Matches
Daphne van Domselaar,GK,nl Netherlands,25-132,2000,3,3,270,3,0,0,0,0,0,0,0,0,0,0,0,0,0,0,0,0,0,0,0,0,0,0,0,0,0,Matches
Daniēlle van de Donk,"MF,FW",nl Netherlands,33-345,1991,3,2,171,1.9,0,2,2,0,0,0,0,0,0.2,0.2,0.3,0.5,4,5,14,0,1.05,1.05,0,1.05,0.12,0.17,0.28,0.12,0.28,Matches
Player,Pos,Squad,Age,Born,MP,Starts,Min,90s,Gls,Ast,G+A,G-PK,PK,PKatt,CrdY,CrdR,xG,npxG,xAG,npxG+xAG,PrgC,PrgP,PrgR,Gls,Ast,G+A,G-PK,G+A-PK,xG,xAG,xG+xAG,npxG,npxG+xAG,Matches
Paulina Dudek,DF,pl Poland,28-030,1997,1,1,45,0.5,0,0,0,0,0,0,0,0,0,0,0,0,0,0,0,0,0,0,0,0,0,0,0,0,0,Matches
Damaris Egurrola,MF,nl Netherlands,25-324,1999,2,0,13,0.1,0,0,0,0,0,0,0,0,0,0,0,0,0,1,1,0,0,0,0,0,0,0,0,0,0,Matches
HlĪn EirĪksdóttir,"MF,FW",is Iceland,25-034,2000,2,1,73,0.8,1,0,1,1,0,0,0,0,0.4,0.4,0,0.4,1,0,5,1.23,0,1.23,1.23,1.23,0.53,0,0.53,0.53,0.53,Matches
Telma Encarnać?o,FW,pt Portugal,23-278,2001,2,0,28,0.3,1,0,1,1,0,0,0,0,0.4,0.4,0.1,0.5,0,1,3,3.21,0,3.21,3.21,3.21,1.33,0.32,1.65,1.33,1.65,Matches
Magdalena Eriksson,DF,se Sweden,31-311,1993,1,1,90,1,0,0,0,0,0,0,0,0,0.2,0.2,0,0.2,0,4,0,0,0,0,0,0,0.19,0,0.19,0.19,0.19,Matches
Hannah Eurlings,"FW,MF",be Belgium,22-196,2003,2,2,137,1.5,1,0,1,1,0,0,0,0,0.8,0.8,0.1,0.9,4,4,18,0.66,0,0.66,0.66,0.66,0.5,0.07,0.57,0.5,0.57,Matches
Gemma Evans,DF,wls Wales,28-349,1996,3,3,270,3,0,0,0,0,0,0,0,0,0.1,0.1,0,0.1,0,1,0,0,0,0,0,0,0.02,0,0.02,0.02,0.02,Matches
Jennifer Falk,GK,se Sweden,32-081,1993,3,3,270,3,0,0,0,0,0,0,0,0,0,0,0,0,0,0,0,0,0,0,0,0,0,0,0,0,0,Matches
Andreia Faria,FW,pt Portugal,25-088,2000,1,0,8,0.1,0,0,0,0,0,0,0,0,0.1,0.1,0,0.1,0,0,0,0,0,0,0,0,0.87,0,0.87,0.87,0.87,Matches
Jana FernĀndez,DF,es Spain,23-148,2002,2,1,115,1.3,0,0,0,0,0,0,0,0,0.1,0.1,0,0.1,0,8,3,0,0,0,0,0,0.05,0,0.05,0.05,0.05,Matches
Jess Fishlock,"FW,MF",wls Wales,38-183,1987,3,3,239,2.7,1,1,2,1,0,0,1,0,0.5,0.5,0.5,0.9,4,8,5,0.38,0.38,0.75,0.38,0.75,0.18,0.18,0.35,0.18,0.35,Matches
Cecilie Fiskerstrand,GK,no Norway,29-118,1996,3,3,270,3,0,0,0,0,0,0,0,0,0,0,0,0,0,0,0,0,0,0,0,0,0,0,0,0,0,Matches
Svenja Fölmli,FW,ch Switzerland,22-331,2002,2,2,100,1.1,0,0,0,0,0,0,0,0,0.2,0.2,0.2,0.4,0,1,4,0,0,0,0,0,0.18,0.18,0.36,0.18,0.36,Matches
Beatriz Fonseca,DF,pt Portugal,26-304,1998,1,1,45,0.5,0,0,0,0,0,0,0,0,0,0,0,0,0,1,1,0,0,0,0,0,0.07,0,0.07,0.07,0.07,Matches
Sanni Franssi,"FW,MF",fi Finland,30-119,1995,3,1,129,1.4,0,0,0,0,0,0,0,0,0.1,0.1,0,0.1,6,5,10,0,0,0,0,0,0.06,0,0.06,0.06,0.06,Matches
Laura Freigang,MF,de Germany,27-165,1998,3,1,87,1,0,0,0,0,0,0,0,0,0,0,0.1,0.2,4,7,8,0,0,0,0,0,0.04,0.13,0.17,0.04,0.17,Matches
Emma Færge,DF,dk Denmark,24-222,2000,3,3,270,3,0,0,0,0,0,0,0,0,0,0,0,0,3,9,2,0,0,0,0,0,0,0.01,0.01,0,0.01,Matches
Kelly Gago,"MF,FW",fr France,26-192,1999,1,0,25,0.3,0,0,0,0,0,0,1,0,0,0,0,0,0,3,7,0,0,0,0,0,0,0,0,0,0,Matches
Signe Gaupset,FW,no Norway,20-028,2005,2,1,135,1.5,2,2,4,2,0,0,0,0,0.3,0.3,1.2,1.5,6,6,18,1.33,1.33,2.67,1.33,2.67,0.21,0.81,1.02,0.21,1.02,Matches
Grace Geyoro,MF,fr France,28-014,1997,3,2,196,2.2,1,0,1,1,0,0,0,0,1.1,1.1,0.5,1.6,5,13,8,0.46,0,0.46,0.46,0.46,0.51,0.24,0.75,0.51,0.75,Matches
Cristiana Girelli,FW,it Italy,35-084,1990,3,2,209,2.3,1,0,1,1,0,0,0,0,1.5,1.5,0,1.5,1,7,9,0.43,0,0.43,0.43,0.43,0.64,0.02,0.66,0.64,0.66,Matches
Manuela Giugliano,MF,it Italy,27-332,1997,3,3,185,2.1,0,0,0,0,0,0,1,0,0,0,0.4,0.5,1,13,3,0,0,0,0,0,0.02,0.2,0.22,0.02,0.22,Matches
Laura Giuliani,GK,it Italy,32-041,1993,3,3,270,3,0,0,0,0,0,0,0,0,0,0,0,0,0,0,0,0,0,0,0,0,0,0,0,0,0,Matches
Diana Gomes,DF,pt Portugal,26-355,1998,3,3,270,3,1,0,1,1,0,0,1,0,0.8,0.8,0.3,1.1,0,10,1,0.33,0,0.33,0.33,0.33,0.26,0.1,0.36,0.26,0.36,Matches
Esther GonzĀlez,FW,es Spain,32-220,1992,3,2,152,1.7,4,0,4,4,0,0,0,0,3.3,3.3,0.1,3.4,2,3,14,2.37,0,2.37,2.37,2.37,1.93,0.08,2.02,1.93,2.02,Matches
Player,Pos,Squad,Age,Born,MP,Starts,Min,90s,Gls,Ast,G+A,G-PK,PK,PKatt,CrdY,CrdR,xG,npxG,xAG,npxG+xAG,PrgC,PrgP,PrgR,Gls,Ast,G+A,G-PK,G+A-PK,xG,xAG,xG+xAG,npxG,npxG+xAG,Matches
Dominika Grabowska,MF,pl Poland,26-202,1998,2,1,56,0.6,0,0,0,0,0,0,0,0,0,0,0.2,0.2,1,2,0,0,0,0,0,0,0,0.28,0.28,0,0.28,Matches
Caroline Graham Hansen,"MF,FW",no Norway,30-148,1995,2,2,175,1.9,1,0,1,1,0,0,0,0,0.3,0.3,0.3,0.5,7,2,12,0.51,0,0.51,0.51,0.51,0.14,0.13,0.28,0.14,0.28,Matches
Chasity Grant,FW,nl Netherlands,24-088,2001,3,2,184,2,0,1,1,0,0,0,0,0,0.2,0.2,0.1,0.3,1,6,18,0,0.49,0.49,0,0.49,0.12,0.04,0.16,0.12,0.16,Matches
Josephine Green,DF,wls Wales,32-082,1993,3,2,198,2.2,0,0,0,0,0,0,0,0,0.4,0.4,0,0.4,0,1,0,0,0,0,0,0,0.19,0,0.19,0.19,0.19,Matches
Kayleigh Green,"MF,FW",wls Wales,37-116,1988,3,1,97,1.1,0,0,0,0,0,0,0,0,0.1,0.1,0,0.1,1,2,2,0,0,0,0,0,0.11,0,0.11,0.11,0.11,Matches
Alex Greenwood,DF,eng England,31-312,1993,3,3,265,2.9,0,0,0,0,0,0,0,0,0,0,0.3,0.3,6,19,4,0,0,0,0,0,0,0.11,0.11,0,0.11,Matches
Giada Greggi,MF,it Italy,25-148,2000,2,0,70,0.8,0,1,1,0,0,0,0,0,0,0,0.1,0.1,2,9,1,0,1.29,1.29,0,1.29,0,0.08,0.08,0,0.08,Matches
Jackie Groenen,MF,nl Netherlands,30-211,1994,3,3,264,2.9,0,0,0,0,0,0,1,0,0.1,0.1,0.2,0.3,0,9,2,0,0,0,0,0,0.04,0.07,0.11,0.04,0.11,Matches
Patricia Guijarro,MF,es Spain,27-060,1998,3,3,266,3,1,1,2,1,0,0,0,0,0.3,0.3,0.2,0.6,2,27,7,0.34,0.34,0.68,0.34,0.68,0.11,0.07,0.19,0.11,0.19,Matches
Giulia Gwinn,DF,de Germany,26-014,1999,1,1,39,0.4,0,0,0,0,0,0,0,0,0,0,0,0,0,1,4,0,0,0,0,0,0.04,0.06,0.1,0.04,0.1,Matches
Hannah Hampton,GK,eng England,24-242,2000,3,3,270,3,0,0,0,0,0,0,0,0,0,0,0,0,0,0,0,0,0,0,0,0,0,0,0,0,0,Matches
Tuva Hansen,DF,no Norway,27-346,1997,3,3,270,3,0,0,0,0,0,0,0,0,0,0,0,0,0,7,0,0,0,0,0,0,0,0,0,0,0,Matches
Pernille Harder,"FW,MF",dk Denmark,32-243,1992,3,3,204,2.3,0,0,0,0,0,0,0,0,0.5,0.5,0.6,1.1,8,12,9,0,0,0,0,0,0.2,0.28,0.48,0.2,0.48,Matches
Anni Hartikainen,DF,fi Finland,21-331,2003,1,0,4,0,0,0,0,0,0,0,0,0,0,0,0,0,0,0,2,0,0,0,0,0,0,0,0,0,0,Matches
Mathilde Harviken,DF,no Norway,23-199,2001,3,2,163,1.8,0,0,0,0,0,0,0,0,0,0,0,0,0,2,0,0,0,0,0,0,0,0,0,0,0,Matches
Josefine Hasbo,MF,dk Denmark,23-238,2001,3,1,111,1.2,0,0,0,0,0,0,0,0,0,0,0,0,1,10,1,0,0,0,0,0,0,0,0,0,0,Matches
Ada Hegerberg,FW,no Norway,30-006,1995,2,2,162,1.8,1,0,1,1,0,1,0,0,1.6,0.9,0,0.9,0,2,3,0.56,0,0.56,0.56,0.56,0.89,0.02,0.91,0.49,0.51,Matches
Lauren Hemp,FW,eng England,24-343,2000,3,3,210,2.3,1,0,1,1,0,0,0,0,0.5,0.5,1.5,2,8,2,19,0.43,0,0.43,0.43,0.43,0.23,0.63,0.85,0.23,0.85,Matches
Kathrin Hendrich,DF,de Germany,33-101,1992,2,0,55,0.6,0,0,0,0,0,0,0,0,0,0,0,0,0,2,0,0,0,0,0,0,0,0,0,0,0,Matches
Giovanna Hoffmann,FW,de Germany,26-299,1998,3,0,70,0.8,0,0,0,0,0,0,0,0,0.4,0.4,0.1,0.5,1,1,4,0,0,0,0,0,0.52,0.09,0.61,0.52,0.61,Matches
Ceri Holland,"MF,FW",wls Wales,27-216,1997,3,3,232,2.6,0,1,1,0,0,0,1,0,0.1,0.1,0.4,0.5,5,3,7,0,0.39,0.39,0,0.39,0.02,0.17,0.19,0.02,0.19,Matches
Smilla Holmberg,DF,se Sweden,18-278,2006,2,1,115,1.3,1,0,1,1,0,0,0,0,0.1,0.1,0.4,0.5,3,4,4,0.78,0,0.78,0.78,0.78,0.11,0.29,0.39,0.11,0.39,Matches
Karen Holmgaard,MF,dk Denmark,26-169,1999,3,2,151,1.7,0,0,0,0,0,0,0,0,0,0,0.2,0.2,1,7,2,0,0,0,0,0,0,0.13,0.13,0,0.13,Matches
Sara Holmgaard,"DF,MF",dk Denmark,26-169,1999,3,3,225,2.5,0,1,1,0,0,0,0,0,0.2,0.2,0,0.2,0,5,13,0,0.4,0.4,0,0.4,0.07,0.02,0.09,0.07,0.09,Matches
Elise Hughes,FW,wls Wales,24-092,2001,1,0,12,0.1,0,0,0,0,0,0,0,0,0,0,0,0,0,0,0,0,0,0,0,0,0,0,0,0,0,Matches
Player,Pos,Squad,Age,Born,MP,Starts,Min,90s,Gls,Ast,G+A,G-PK,PK,PKatt,CrdY,CrdR,xG,npxG,xAG,npxG+xAG,PrgC,PrgP,PrgR,Gls,Ast,G+A,G-PK,G+A-PK,xG,xAG,xG+xAG,npxG,npxG+xAG,Matches
Lina Hurtig,MF,se Sweden,29-314,1995,3,0,67,0.7,2,0,2,2,0,0,0,0,0.9,0.9,0.1,1,0,3,1,2.69,0,2.69,2.69,2.69,1.23,0.08,1.3,1.23,1.3,Matches
Celin Ildhus?y,FW,no Norway,23-265,2001,3,1,92,1,0,0,0,0,0,0,0,0,0.1,0.1,0.1,0.2,3,3,9,0,0,0,0,0,0.14,0.05,0.19,0.14,0.19,Matches
Amanda Ilestedt,DF,se Sweden,32-180,1993,1,1,90,1,0,0,0,0,0,0,0,0,0.3,0.3,0,0.3,1,3,0,0,0,0,0,0,0.32,0,0.32,0.32,0.32,Matches
Sophie Ingle,MF,wls Wales,33-317,1991,1,0,4,0,0,0,0,0,0,0,0,0,0,0,0,0,0,0,0,0,0,0,0,0,0,0,0,0,0,Matches
Noemi Ivelj,MF,ch Switzerland,18-257,2006,1,1,61,0.7,0,0,0,0,0,0,0,0,0,0,0,0,0,1,1,0,0,0,0,0,0.07,0,0.07,0.07,0.07,Matches
Andreia Jacinto,MF,pt Portugal,23-038,2002,3,1,105,1.2,0,0,0,0,0,0,0,0,0.1,0.1,0.2,0.3,2,8,3,0,0,0,0,0,0.08,0.21,0.29,0.08,0.29,Matches
Amanda Jacobsen Andradóttir,MF,is Iceland,21-210,2003,1,0,20,0.2,0,0,0,0,0,0,0,0,0,0,0,0,0,0,0,0,0,0,0,0,0,0,0,0,0,Matches
Sofia Jakobsson,FW,se Sweden,35-084,1990,1,0,8,0.1,0,0,0,0,0,0,0,0,0,0,0,0,1,0,1,0,0,0,0,0,0,0,0,0,0,Matches
Angharad James,MF,wls Wales,31-045,1994,3,3,270,3,0,0,0,0,0,0,0,0,0.2,0.2,0,0.2,0,3,1,0,0,0,0,0,0.05,0,0.05,0.05,0.05,Matches
Lauren James,"FW,MF",eng England,23-290,2001,3,3,183,2,2,0,2,2,0,0,0,0,1.4,1.4,0.7,2.1,7,6,27,0.98,0,0.98,0.98,0.98,0.71,0.32,1.03,0.71,1.03,Matches
SveindĪs Jane Jónsdóttir,"FW,MF",is Iceland,24-041,2001,3,3,270,3,1,1,2,1,0,0,0,0,0.8,0.8,1.2,2,5,2,21,0.33,0.33,0.67,0.33,0.67,0.25,0.4,0.66,0.25,0.66,Matches
Madelen Janogy,FW,se Sweden,29-246,1995,3,2,186,2.1,0,0,0,0,0,0,0,0,0.6,0.6,0.7,1.4,6,2,15,0,0,0,0,0,0.29,0.36,0.65,0.29,0.65,Matches
Renate Jansen,FW,nl Netherlands,34-221,1990,1,0,1,0,0,0,0,0,0,0,0,0,0,0,0.1,0.1,1,0,0,0,0,0,0,0,0,5.62,5.62,0,5.62,Matches
Dominique Janssen,DF,nl Netherlands,30-180,1995,3,3,270,3,0,0,0,0,0,0,0,0,0.1,0.1,0,0.1,3,12,5,0,0,0,0,0,0.04,0.01,0.05,0.04,0.05,Matches
Jill Janssens,DF,be Belgium,21-286,2003,3,3,233,2.6,0,1,1,0,0,0,0,0,0.2,0.2,0.1,0.4,2,8,13,0,0.39,0.39,0,0.39,0.09,0.05,0.15,0.09,0.15,Matches
Oriane Jean-Franćois,MF,fr France,23-336,2001,2,2,180,2,0,0,0,0,0,0,0,0,0.2,0.2,0,0.2,2,10,2,0,0,0,0,0,0.1,0,0.1,0.1,0.1,Matches
Klaudia Jedli?ska,FW,pl Poland,25-157,2000,1,0,26,0.3,0,0,0,0,0,0,0,0,0,0,0,0,2,0,3,0,0,0,0,0,0.03,0,0.03,0.03,0.03,Matches
Synne Jensen,FW,no Norway,29-151,1996,2,0,19,0.2,0,0,0,0,0,0,0,0,0.2,0.2,0,0.2,3,2,4,0,0,0,0,0,0.84,0,0.84,0.84,0.84,Matches
Sandra Jessen,FW,is Iceland,30-179,1995,3,3,221,2.5,0,0,0,0,0,0,0,0,0.3,0.3,0.1,0.5,0,2,8,0,0,0,0,0,0.14,0.05,0.19,0.14,0.19,Matches
Lois Joel,FW,wls Wales,26-044,1999,1,0,13,0.1,0,0,0,0,0,0,0,0,0,0,0,0,0,0,0,0,0,0,0,0,0,0,0,0,0,Matches
Alexandra Jóhannsdóttir,MF,is Iceland,25-119,2000,3,3,251,2.8,0,1,1,0,0,0,1,0,0.4,0.4,0,0.4,0,7,1,0,0.36,0.36,0,0.36,0.14,0.01,0.15,0.14,0.15,Matches
Carrie Jones,"FW,MF",wls Wales,21-315,2003,3,1,108,1.2,0,0,0,0,0,0,0,0,0,0,0,0,1,3,4,0,0,0,0,0,0,0.02,0.02,0,0.02,Matches
Ewelina Kamczyk,MF,pl Poland,29-144,1996,3,2,192,2.1,0,0,0,0,0,0,0,0,0.1,0.1,0.3,0.5,6,8,4,0,0,0,0,0,0.07,0.15,0.22,0.07,0.22,Matches
Wieke Kaptein,MF,nl Netherlands,19-321,2005,3,2,203,2.3,0,0,0,0,0,0,0,0,0.2,0.2,0,0.2,3,8,7,0,0,0,0,0,0.08,0.01,0.09,0.08,0.09,Matches
Sakina Karchaoui,MF,fr France,29-171,1996,3,2,182,2,1,0,1,0,1,1,0,0,0.9,0.1,0.3,0.4,2,9,11,0.49,0,0.49,0,0,0.43,0.13,0.56,0.06,0.19,Matches
Player,Pos,Squad,Age,Born,MP,Starts,Min,90s,Gls,Ast,G+A,G-PK,PK,PKatt,CrdY,CrdR,xG,npxG,xAG,npxG+xAG,PrgC,PrgP,PrgR,Gls,Ast,G+A,G-PK,G+A-PK,xG,xAG,xG+xAG,npxG,npxG+xAG,Matches
Marie-Antoinette Katoto,FW,fr France,26-257,1998,3,2,147,1.6,2,2,4,2,0,0,0,0,1.9,1.9,0.4,2.3,1,2,12,1.22,1.22,2.45,1.22,2.45,1.16,0.25,1.41,1.16,1.41,Matches
Sari Kees,DF,be Belgium,24-149,2001,3,3,270,3,0,0,0,0,0,0,1,0,0.1,0.1,0,0.1,1,3,0,0,0,0,0,0,0.04,0,0.04,0.04,0.04,Matches
Chloe Kelly,FW,eng England,27-192,1998,3,0,87,1,0,0,0,0,0,0,0,0,0.1,0.1,0.2,0.3,0,1,8,0,0,0,0,0,0.09,0.19,0.29,0.09,0.29,Matches
Justine Kielland,MF,no Norway,22-236,2002,1,0,45,0.5,0,0,0,0,0,0,0,0,0.1,0.1,0,0.1,0,4,0,0,0,0,0,0,0.13,0,0.13,0.13,0.13,Matches
Rebecca Knaak,DF,de Germany,29-023,1996,3,3,215,2.4,0,0,0,0,0,0,1,0,0,0,0.1,0.1,4,30,0,0,0,0,0,0,0.01,0.02,0.04,0.01,0.04,Matches
Emma Koivisto,DF,fi Finland,30-294,1994,3,3,238,2.6,0,0,0,0,0,0,0,0,0,0,0.1,0.1,14,8,10,0,0,0,0,0,0,0.03,0.03,0,0.03,Matches
Vilma Koivisto,MF,fi Finland,22-237,2002,1,0,1,0,0,0,0,0,0,0,0,0,0,0,0,0,0,0,0,0,0,0,0,0,0,0,0,0,0,Matches
Anna Koivunen,GK,fi Finland,23-252,2001,3,3,270,3,0,0,0,0,0,0,1,0,0,0,0,0,0,1,0,0,0,0,0,0,0,0,0,0,0,Matches
Milena Kokosz,"MF,FW",pl Poland,23-334,2001,2,0,46,0.5,0,0,0,0,0,0,0,0,0.1,0.1,0,0.1,1,0,2,0,0,0,0,0,0.12,0,0.12,0.12,0.12,Matches
Katariina Kosola,MF,fi Finland,24-142,2001,3,3,261,2.9,1,0,1,1,0,0,0,0,0.3,0.3,0,0.3,11,4,24,0.34,0,0.34,0.34,0.34,0.1,0,0.1,0.1,0.1,Matches
Cornelia Kramer,"DF,MF",dk Denmark,22-212,2002,1,0,30,0.3,0,0,0,0,0,0,0,0,0,0,0,0,0,0,2,0,0,0,0,0,0,0,0,0,0,Matches
Nadia Krezyman,MF,pl Poland,21-024,2004,2,1,56,0.6,0,0,0,0,0,0,0,0,0,0,0,0,4,1,5,0,0,0,0,0,0.04,0,0.04,0.04,0.04,Matches
Kathrine Kühl,MF,dk Denmark,22-011,2003,1,1,90,1,0,0,0,0,0,0,0,0,0,0,0.1,0.1,0,10,7,0,0,0,0,0,0,0.12,0.12,0,0.12,Matches
Natalia Kuikka,DF,fi Finland,29-227,1995,3,3,270,3,1,0,1,0,1,1,0,0,0.8,0.1,0.1,0.2,5,13,0,0.33,0,0.33,0,0,0.27,0.03,0.3,0.03,0.05,Matches
Hayley Ladd,MF,wls Wales,31-283,1993,2,1,116,1.3,0,0,0,0,0,0,0,0,0,0,0,0,0,0,3,0,0,0,0,0,0,0,0,0,0,Matches
Maēlle Lakrar,DF,fr France,25-050,2000,1,1,90,1,0,0,0,0,0,0,0,0,0,0,0,0,1,1,0,0,0,0,0,0,0,0,0,0,0,Matches
KarólĪna Lea VilhjĀlmsdóttir,"MF,FW",is Iceland,23-342,2001,3,3,243,2.7,0,0,0,0,0,0,1,0,0.1,0.1,0.1,0.3,1,9,7,0,0,0,0,0,0.06,0.04,0.1,0.06,0.1,Matches
Alisha Lehmann,FW,ch Switzerland,26-176,1999,1,0,9,0.1,0,0,0,0,0,0,0,0,0.1,0.1,0,0.1,2,0,3,0,0,0,0,0,0.52,0,0.52,0.52,0.52,Matches
Nea Lehtola,"DF,MF",fi Finland,26-265,1998,3,0,52,0.6,0,0,0,0,0,0,0,0,0,0,0,0,2,0,4,0,0,0,0,0,0,0,0,0,0,Matches
Martina Lenzini,DF,it Italy,26-358,1998,3,3,251,2.8,0,0,0,0,0,0,1,0,0,0,0.3,0.3,0,4,0,0,0,0,0,0,0,0.09,0.09,0,0.09,Matches
Lisa Lichtfus,GK,be Belgium,25-200,1999,3,3,270,3,0,0,0,0,0,0,0,0,0,0,0,0,0,0,0,0,0,0,0,0,0,0,0,0,0,Matches
Elena Linari,DF,it Italy,31-092,1994,3,3,270,3,0,0,0,0,0,0,0,0,0,0,0,0,4,3,1,0,0,0,0,0,0.01,0,0.01,0.01,0.01,Matches
Sarai Linder,DF,de Germany,25-263,1999,3,3,270,3,0,0,0,0,0,0,1,0,0,0,0.2,0.2,5,15,7,0,0,0,0,0,0.01,0.06,0.07,0.01,0.07,Matches
Sydney Lohmann,MF,de Germany,25-027,2000,2,0,66,0.7,0,0,0,0,0,0,0,0,0,0,0,0,3,7,1,0,0,0,0,0,0,0.02,0.02,0,0.02,Matches
Vicky López,"MF,FW",es Spain,18-355,2006,3,2,158,1.8,1,1,2,1,0,0,0,0,0.8,0.8,0.7,1.5,7,7,23,0.57,0.57,1.14,0.57,1.14,0.47,0.4,0.87,0.47,0.87,Matches
Player,Pos,Squad,Age,Born,MP,Starts,Min,90s,Gls,Ast,G+A,G-PK,PK,PKatt,CrdY,CrdR,xG,npxG,xAG,npxG+xAG,PrgC,PrgP,PrgR,Gls,Ast,G+A,G-PK,G+A-PK,xG,xAG,xG+xAG,npxG,npxG+xAG,Matches
Hanna Lundkvist,DF,se Sweden,22-364,2002,2,2,155,1.7,0,0,0,0,0,0,0,0,0,0,0.4,0.4,6,15,6,0,0,0,0,0,0,0.24,0.24,0,0.24,Matches
Frida Maanum,"FW,MF",no Norway,26-000,1999,3,3,209,2.3,2,0,2,2,0,0,0,0,1,1,0.1,1.1,5,15,17,0.86,0,0.86,0.86,0.86,0.42,0.06,0.47,0.42,0.47,Matches
Rosa Maaria Roth,MF,fi Finland,28-033,1997,2,0,10,0.1,0,0,0,0,0,0,0,0,0,0,0,0,0,0,0,0,0,0,0,0,0,0,0,0,0,Matches
Amel Majri,MF,fr France,32-172,1993,1,1,90,1,1,0,1,1,0,0,0,0,0.2,0.2,0,0.2,2,11,6,1,0,1,1,1,0.17,0,0.17,0.17,0.17,Matches
Melvine Malard,FW,fr France,25-018,2000,2,1,94,1,0,0,0,0,0,0,0,0,0,0,0,0,6,5,13,0,0,0,0,0,0.01,0.02,0.03,0.01,0.03,Matches
Joana March?o,DF,pt Portugal,28-265,1996,2,2,142,1.6,0,0,0,0,0,0,0,0,0.1,0.1,0.1,0.1,1,10,6,0,0,0,0,0,0.04,0.05,0.09,0.04,0.09,Matches
Agla MarĪa Albertsdóttir,"FW,MF",is Iceland,25-345,1999,3,1,138,1.5,0,0,0,0,0,0,0,0,0.2,0.2,0.4,0.5,1,5,2,0,0,0,0,0,0.11,0.25,0.36,0.11,0.36,Matches
Noelle Maritz,DF,ch Switzerland,29-205,1995,3,3,270,3,0,0,0,0,0,0,0,0,0.1,0.1,0.1,0.2,4,18,3,0,0,0,0,0,0.04,0.02,0.06,0.04,0.06,Matches
Cristina MartĪn-Prieto,FW,es Spain,32-124,1993,2,0,32,0.4,1,0,1,1,0,0,0,0,0.8,0.8,0,0.8,0,0,3,2.81,0,2.81,2.81,2.81,2.37,0,2.37,2.37,2.37,Matches
Clara Matéo,FW,fr France,27-230,1997,3,1,123,1.4,1,1,2,1,0,0,0,0,0.8,0.8,0.4,1.2,3,4,13,0.73,0.73,1.46,0.73,1.46,0.59,0.31,0.89,0.59,0.89,Matches
Sylwia Matysik,DF,pl Poland,28-057,1997,3,3,237,2.6,0,0,0,0,0,0,0,0,0,0,0,0,4,8,2,0,0,0,0,0,0,0,0,0,0,Matches
Beth Mead,FW,eng England,30-068,1995,3,1,119,1.3,1,1,2,1,0,0,0,0,0.2,0.2,0.6,0.8,4,4,10,0.76,0.76,1.51,0.76,1.51,0.15,0.41,0.57,0.15,0.57,Matches
MarĪa Méndez,DF,es Spain,24-097,2001,2,2,180,2,0,0,0,0,0,0,0,0,0.2,0.2,0,0.2,0,21,0,0,0,0,0,0,0.11,0,0.11,0.11,0.11,Matches
Safia Middleton,GK,wls Wales,20-298,2004,1,1,90,1,0,0,0,0,0,0,0,0,0,0,0,0,0,2,0,0,0,0,0,0,0,0,0,0,0,Matches
Vivianne Miedema,FW,nl Netherlands,29-001,1996,2,2,135,1.5,1,0,1,1,0,0,0,0,0.1,0.1,0.2,0.3,1,3,9,0.67,0,0.67,0.67,0.67,0.08,0.12,0.2,0.08,0.2,Matches
Janina Minge,DF,de Germany,26-035,1999,3,3,270,3,0,0,0,0,0,0,0,0,0,0,0,0,4,17,0,0,0,0,0,0,0.01,0,0.01,0.01,0.01,Matches
Kassandra Missipo,FW,be Belgium,27-163,1998,1,0,12,0.1,0,0,0,0,0,0,0,0,0,0,0,0,0,0,0,0,0,0,0,0,0,0,0,0,0,Matches
Maren Mjelde,DF,no Norway,35-252,1989,2,2,141,1.6,0,0,0,0,0,0,0,0,0,0,0,0,0,2,0,0,0,0,0,0,0,0,0,0,0,Matches
PatrĪcia Morais,GK,pt Portugal,33-029,1992,2,2,180,2,0,0,0,0,0,0,0,0,0,0,0,0,0,0,0,0,0,0,0,0,0,0,0,0,0,Matches
Esther Morgan,DF,wls Wales,22-322,2002,3,3,225,2.5,0,0,0,0,0,0,0,0,0,0,0,0,0,0,0,0,0,0,0,0,0,0,0,0,0,Matches
Ffion Morgan,FW,wls Wales,25-066,2000,3,2,182,2,0,0,0,0,0,0,0,0,0,0,0,0,2,2,9,0,0,0,0,0,0,0.01,0.01,0,0.01,Matches
?slaug Munda Gunnlaugsdóttir,DF,is Iceland,24-044,2001,1,0,10,0.1,0,0,0,0,0,0,0,0,0,0,0,0,0,0,0,0,0,0,0,0,0,0,0,0,0,Matches
Lisa Naalsund,MF,no Norway,30-035,1995,3,1,161,1.8,0,0,0,0,0,0,0,0,0,0,0,0,1,8,3,0,0,0,0,0,0,0,0,0,0,Matches
Nadia Nadim,"MF,FW",dk Denmark,37-195,1988,3,0,51,0.6,0,0,0,0,0,0,1,0,0.3,0.3,0,0.3,1,4,6,0,0,0,0,0,0.55,0,0.55,0.55,0.55,Matches
Adriana Nanclares,GK,es Spain,23-068,2002,3,3,270,3,0,0,0,0,0,0,0,0,0,0,0,0,0,0,0,0,0,0,0,0,0,0,0,0,0,Matches
Player,Pos,Squad,Age,Born,MP,Starts,Min,90s,Gls,Ast,G+A,G-PK,PK,PKatt,CrdY,CrdR,xG,npxG,xAG,npxG+xAG,PrgC,PrgP,PrgR,Gls,Ast,G+A,G-PK,G+A-PK,xG,xAG,xG+xAG,npxG,npxG+xAG,Matches
Kika Nazareth,MF,pt Portugal,22-241,2002,2,2,172,1.9,0,1,1,0,0,0,0,0,0.2,0.2,1.2,1.4,6,10,14,0,0.52,0.52,0,0.52,0.11,0.65,0.75,0.11,0.75,Matches
Melween Ndongala,DF,fr France,20-313,2004,3,1,113,1.3,0,0,0,0,0,0,0,0,0,0,0,0,2,10,14,0,0,0,0,0,0,0.02,0.02,0,0.02,Matches
Amanda Nildén,DF,se Sweden,26-343,1998,1,1,45,0.5,0,0,0,0,0,0,0,0,0,0,0,0,0,1,0,0,0,0,0,0,0,0,0,0,0,Matches
Andreia Norton,MF,pt Portugal,28-335,1996,3,3,192,2.1,0,0,0,0,0,0,0,0,0,0,0,0.1,1,3,3,0,0,0,0,0,0.01,0.01,0.03,0.01,0.03,Matches
Sjoeke Nüsken,MF,de Germany,24-175,2001,3,3,256,2.8,1,0,1,0,1,1,1,0,2,1.3,0.2,1.5,2,18,13,0.35,0,0.35,0,0,0.7,0.08,0.78,0.44,0.53,Matches
Eva Nyström,DF,fi Finland,25-229,1999,3,3,270,3,0,0,0,0,0,0,1,0,0.5,0.5,0.1,0.5,2,9,0,0,0,0,0,0,0.16,0.03,0.18,0.16,0.18,Matches
Ria Öling,MF,fi Finland,30-304,1994,3,3,205,2.3,0,0,0,0,0,0,0,0,0.4,0.4,0.2,0.6,7,13,8,0,0,0,0,0,0.17,0.07,0.24,0.17,0.24,Matches
Elisabetta Oliviero,DF,it Italy,27-363,1997,3,1,143,1.6,1,0,1,1,0,0,0,0,0.4,0.4,0.2,0.7,1,5,4,0.63,0,0.63,0.63,0.63,0.26,0.15,0.41,0.26,0.41,Matches
Leila Ouahabi,DF,es Spain,32-116,1993,2,1,95,1.1,0,0,0,0,0,0,0,0,0,0,0.1,0.1,0,11,14,0,0,0,0,0,0.04,0.08,0.12,0.04,0.12,Matches
Natalia Padilla-Bidas,"MF,FW",pl Poland,22-252,2002,3,2,193,2.1,1,2,3,1,0,0,0,0,1.4,1.4,0.4,1.8,3,6,10,0.47,0.93,1.4,0.47,1.4,0.66,0.18,0.84,0.66,0.84,Matches
Ewa Pajor,FW,pl Poland,28-225,1996,3,3,270,3,1,0,1,1,0,0,0,0,0.9,0.9,0.2,1.1,5,7,14,0.33,0,0.33,0.33,0.33,0.29,0.07,0.35,0.29,0.35,Matches
Salma Paralluelo,"FW,MF",es Spain,21-245,2003,3,1,110,1.2,0,1,1,0,0,0,0,0,0.1,0.1,0.6,0.7,2,1,13,0,0.82,0.82,0,0.82,0.05,0.53,0.59,0.05,0.59,Matches
Irene Paredes,DF,es Spain,34-012,1991,2,2,180,2,1,0,1,1,0,0,0,0,0.4,0.4,0.5,0.9,0,12,0,0.5,0,0.5,0.5,0.5,0.18,0.24,0.43,0.18,0.43,Matches
Jessica Park,MF,eng England,23-268,2001,1,0,45,0.5,0,0,0,0,0,0,0,0,0.3,0.3,0,0.4,0,2,3,0,0,0,0,0,0.65,0.06,0.71,0.65,0.71,Matches
Tanja Pawollek,MF,pl Poland,26-179,1999,3,3,259,2.9,0,0,0,0,0,0,1,0,0.1,0.1,0.2,0.3,0,6,0,0,0,0,0,0,0.04,0.08,0.12,0.04,0.12,Matches
Victoria Pelova,"FW,MF",nl Netherlands,26-043,1999,3,3,269,3,2,1,3,2,0,0,1,0,0.4,0.4,0.5,0.8,5,19,13,0.67,0.33,1,0.67,1,0.12,0.15,0.27,0.12,0.27,Matches
Livia Peng,GK,ch Switzerland,23-124,2002,3,3,270,3,0,0,0,0,0,0,0,0,0,0,0,0,0,0,0,0,0,0,0,0,0,0,0,0,0,Matches
Inłs Pereira,GK,pt Portugal,26-051,1999,1,1,90,1,0,0,0,0,0,0,0,0,0,0,0,0,0,0,0,0,0,0,0,0,0,0,0,0,0,Matches
GlódĪs Perla Viggósdóttir,DF,is Iceland,30-019,1995,3,3,225,2.5,1,0,1,0,1,1,1,0,1,0.3,0,0.3,0,3,0,0.4,0,0.4,0,0,0.41,0,0.41,0.12,0.12,Matches
Pauline Peyraud-Magnin,GK,fr France,33-121,1992,3,3,270,3,0,0,0,0,0,0,1,0,0,0,0,0,0,0,0,0,0,0,0,0,0,0,0,0,0,Matches
Davina Philtjens,DF,be Belgium,36-140,1989,1,0,12,0.1,0,0,0,0,0,0,0,0,0,0,0,0,0,0,0,0,0,0,0,0,0,0,0,0,0,Matches
Martina Piemonte,FW,it Italy,27-251,1997,1,1,57,0.6,0,0,0,0,0,0,0,0,0.1,0.1,0,0.1,0,1,1,0,0,0,0,0,0.23,0,0.23,0.23,0.23,Matches
Julie Piga,DF,it Italy,27-185,1998,2,0,33,0.4,0,0,0,0,0,0,0,0,0,0,0,0,0,0,0,0,0,0,0,0,0,0,0,0,0,Matches
Alayah Pilgrim,FW,ch Switzerland,22-078,2003,3,0,62,0.7,1,0,1,1,0,0,0,0,0.4,0.4,0,0.4,3,1,14,1.45,0,1.45,1.45,1.45,0.56,0,0.56,0.56,0.56,Matches
Claudia Pina,"FW,MF",es Spain,23-338,2001,3,2,140,1.6,1,2,3,1,0,0,0,0,0.6,0.6,0.5,1.1,3,4,20,0.64,1.29,1.93,0.64,1.93,0.4,0.32,0.72,0.4,0.72,Matches
Player,Pos,Squad,Age,Born,MP,Starts,Min,90s,Gls,Ast,G+A,G-PK,PK,PKatt,CrdY,CrdR,xG,npxG,xAG,npxG+xAG,PrgC,PrgP,PrgR,Gls,Ast,G+A,G-PK,G+A-PK,xG,xAG,xG+xAG,npxG,npxG+xAG,Matches
FĀtima Pinto,"MF,DF",pt Portugal,29-181,1996,3,3,270,3,0,0,0,0,0,0,1,0,0.2,0.2,0,0.3,2,4,6,0,0,0,0,0,0.08,0.02,0.09,0.08,0.09,Matches
Tatiana Pinto,MF,pt Portugal,31-110,1994,3,3,270,3,0,0,0,0,0,0,0,0,0,0,0.2,0.2,1,9,3,0,0,0,0,0,0.01,0.07,0.08,0.01,0.08,Matches
Ella Powell,DF,wls Wales,25-165,2000,1,0,45,0.5,0,0,0,0,0,0,0,0,0,0,0,0,1,3,1,0,0,0,0,0,0,0,0,0,0,Matches
Alexia Putellas,MF,es Spain,31-162,1994,3,3,270,3,3,4,7,3,0,0,0,0,1.5,1.5,1.6,3.1,8,34,24,1,1.33,2.33,1,2.33,0.49,0.54,1.03,0.49,1.03,Matches
HafrŻn Rakel Halldórsdóttir,"FW,DF",is Iceland,22-288,2002,1,0,24,0.3,0,0,0,0,0,0,0,0,0,0,0,0,0,0,2,0,0,0,0,0,0.14,0,0.14,0.14,0.14,Matches
CecilĪa RĀn RŻnarsdóttir,GK,is Iceland,21-355,2003,3,3,270,3,0,0,0,0,0,0,0,0,0,0,0,0,0,0,0,0,0,0,0,0,0,0,0,0,0,Matches
Jutta Rantala,FW,fi Finland,25-248,1999,3,0,51,0.6,0,0,0,0,0,0,0,0,0,0,0,0,0,0,2,0,0,0,0,0,0,0,0,0,0,Matches
Guro Reiten,"MF,FW",no Norway,30-355,1994,2,2,180,2,0,0,0,0,0,0,0,0,0.2,0.2,0,0.2,1,3,9,0,0,0,0,0,0.09,0.01,0.11,0.09,0.11,Matches
Géraldine Reuteler,"MF,FW",ch Switzerland,26-086,1999,3,3,270,3,1,1,2,1,0,0,1,0,0.9,0.9,0.6,1.6,5,15,17,0.33,0.33,0.67,0.33,0.67,0.31,0.21,0.52,0.31,0.52,Matches
Nadine Riesen,DF,ch Switzerland,25-096,2000,3,3,213,2.4,1,0,1,1,0,0,0,0,0.1,0.1,0.1,0.2,12,10,24,0.42,0,0.42,0.42,0.42,0.04,0.05,0.09,0.04,0.09,Matches
Rhiannon Roberts,DF,wls Wales,34-320,1990,3,2,207,2.3,0,0,0,0,0,0,0,0,0,0,0,0,0,3,0,0,0,0,0,0,0,0,0,0,0,Matches
Fridolina Rolfö,FW,se Sweden,31-234,1993,2,1,59,0.7,1,0,1,0,1,1,0,0,0.9,0.7,0,0.7,2,2,3,1.53,0,1.53,0,0,1.4,0,1.4,1.06,1.06,Matches
Jill Roord,"FW,MF",nl Netherlands,28-085,1997,3,3,202,2.2,0,0,0,0,0,0,0,0,0.4,0.4,0,0.4,0,4,7,0,0,0,0,0,0.16,0,0.16,0.16,0.16,Matches
Berglind Rós ?gŻstsdóttir,MF,is Iceland,29-353,1995,1,0,9,0.1,0,0,0,0,0,0,0,0,0,0,0,0,0,0,0,0,0,0,0,0,0,0,0,0,0,Matches
Rachel Rowe,MF,wls Wales,32-306,1992,3,2,168,1.9,0,0,0,0,0,0,0,0,0.1,0.1,0,0.1,2,2,1,0,0,0,0,0,0.04,0,0.04,0.04,0.04,Matches
SædĪs RŻn Hei?arsdóttir,DF,is Iceland,20-303,2004,3,1,192,2.1,0,0,0,0,0,0,0,0,0,0,0.1,0.1,0,9,2,0,0,0,0,0,0,0.05,0.05,0,0.05,Matches
Alessia Russo,FW,eng England,26-158,1999,3,3,229,2.5,1,3,4,1,0,0,0,0,2.4,2.4,1.3,3.7,3,4,12,0.39,1.18,1.57,0.39,1.57,0.96,0.49,1.45,0.96,1.45,Matches
Johanna Rytting Kaneryd,FW,se Sweden,28-154,1997,3,3,262,2.9,0,2,2,0,0,0,0,0,0.2,0.2,3.1,3.3,17,6,56,0,0.69,0.69,0,0.69,0.06,1.06,1.12,0.06,1.12,Matches
Linda Sällström,FW,fi Finland,37-003,1988,3,3,219,2.4,0,0,0,0,0,0,0,0,0.3,0.3,0.3,0.6,2,1,16,0,0,0,0,0,0.11,0.14,0.24,0.11,0.24,Matches
Cecilia Salvai,DF,it Italy,31-226,1993,3,3,256,2.8,0,0,0,0,0,0,0,0,0.3,0.3,0,0.3,0,6,0,0,0,0,0,0,0.09,0.01,0.1,0.09,0.1,Matches
Thiniba Samoura,DF,fr France,21-155,2004,2,2,180,2,0,0,0,0,0,0,0,0,0,0,0,0,3,12,0,0,0,0,0,0,0,0,0,0,0,Matches
Sydney Schertenleib,FW,ch Switzerland,18-167,2007,3,2,188,2.1,0,1,1,0,0,0,0,0,0.2,0.2,0.6,0.8,3,11,16,0,0.48,0.48,0,0.48,0.1,0.29,0.38,0.1,0.38,Matches
Lea Schüller,FW,de Germany,27-246,1997,3,3,200,2.2,2,0,2,2,0,0,0,0,2.1,2.1,0,2.2,3,3,11,0.9,0,0.9,0.9,0.9,0.95,0.02,0.97,0.95,0.97,Matches
Ana Seića,DF,pt Portugal,24-113,2001,1,0,45,0.5,0,0,0,0,0,0,0,0,0,0,0,0,0,0,0,0,0,0,0,0,0,0,0,0,0,Matches
Linda Sembrant,DF,se Sweden,38-062,1987,2,1,135,1.5,0,0,0,0,0,0,0,0,0,0,0,0,0,3,0,0,0,0,0,0,0.01,0,0.01,0.01,0.01,Matches
Player,Pos,Squad,Age,Born,MP,Starts,Min,90s,Gls,Ast,G+A,G-PK,PK,PKatt,CrdY,CrdR,xG,npxG,xAG,npxG+xAG,PrgC,PrgP,PrgR,Gls,Ast,G+A,G-PK,G+A-PK,xG,xAG,xG+xAG,npxG,npxG+xAG,Matches
Elisa Senß,MF,de Germany,27-288,1997,3,3,242,2.7,0,0,0,0,0,0,0,0,0,0,0.1,0.1,0,8,5,0,0,0,0,0,0,0.03,0.03,0,0.03,Matches
Annamaria Serturini,MF,it Italy,27-064,1998,1,0,14,0.2,0,0,0,0,0,0,0,0,0,0,0,0,0,0,0,0,0,0,0,0,0.08,0,0.08,0.08,0.08,Matches
Oona Sevenius,FW,fi Finland,21-079,2004,3,2,168,1.9,1,0,1,1,0,0,0,0,0.6,0.6,0,0.6,5,1,9,0.54,0,0.54,0.54,0.54,0.33,0.02,0.35,0.33,0.35,Matches
Emma Severini,MF,it Italy,21-363,2003,3,2,195,2.2,0,0,0,0,0,0,0,0,0.4,0.4,0.6,1,2,5,7,0,0,0,0,0,0.18,0.28,0.46,0.18,0.46,Matches
Ingibjörg Sigur?ardóttir,DF,is Iceland,27-282,1997,3,3,260,2.9,0,0,0,0,0,0,1,0,0.2,0.2,0,0.2,0,3,0,0,0,0,0,0,0.08,0,0.09,0.08,0.09,Matches
Diana Silva,FW,pt Portugal,30-042,1995,3,3,234,2.6,0,0,0,0,0,0,0,0,0.2,0.2,0,0.2,8,4,11,0,0,0,0,0,0.06,0.02,0.08,0.06,0.08,Matches
Dolores Silva,"MF,DF",pt Portugal,33-343,1991,3,0,38,0.4,0,1,1,0,0,0,0,0,0,0,0.1,0.1,0,0,2,0,2.37,2.37,0,2.37,0,0.34,0.34,0,0.34,Matches
Jéssica Silva,FW,pt Portugal,30-217,1994,3,1,128,1.4,0,0,0,0,0,0,0,0,0.2,0.2,0,0.2,4,2,6,0,0,0,0,0,0.13,0,0.13,0.13,0.13,Matches
Oona Siren,MF,fi Finland,24-143,2001,3,3,270,3,0,1,1,0,0,0,0,0,0.1,0.1,0.3,0.3,2,12,8,0,0.33,0.33,0,0.33,0.02,0.09,0.11,0.02,0.11,Matches
Emma Snerle,MF,dk Denmark,24-115,2001,2,2,156,1.7,0,0,0,0,0,0,1,0,0,0,0.3,0.3,0,1,2,0,0,0,0,0,0.03,0.16,0.19,0.03,0.19,Matches
Alice Sombath,DF,fr France,21-273,2003,3,3,258,2.9,0,0,0,0,0,0,0,0,0,0,0,0,0,16,0,0,0,0,0,0,0,0.01,0.01,0,0.01,Matches
Sherida Spitse,DF,nl Netherlands,35-048,1990,3,1,148,1.6,0,0,0,0,0,0,0,0,0,0,0.1,0.2,1,2,1,0,0,0,0,0,0.02,0.08,0.09,0.02,0.09,Matches
Georgia Stanway,MF,eng England,26-194,1999,3,3,256,2.8,2,0,2,1,1,1,0,0,1.4,0.7,0,0.7,1,14,15,0.7,0,0.7,0.35,0.35,0.49,0.01,0.5,0.23,0.24,Matches
Julia Stierli,DF,ch Switzerland,28-104,1997,3,3,221,2.5,0,0,0,0,0,0,0,0,0.1,0.1,0,0.1,0,2,0,0,0,0,0,0,0.02,0,0.02,0.02,0.02,Matches
Eveliina Summanen,MF,fi Finland,27-048,1998,3,3,249,2.8,0,1,1,0,0,0,0,0,0.1,0.1,1,1.1,2,16,1,0,0.36,0.36,0,0.36,0.03,0.36,0.39,0.03,0.39,Matches
Ingrid Syrstad Engen,MF,no Norway,27-078,1998,2,2,180,2,0,0,0,0,0,0,0,0,0.1,0.1,0.1,0.2,0,11,0,0,0,0,0,0,0.04,0.07,0.12,0.04,0.12,Matches
Kinga Szemik,GK,pl Poland,28-021,1997,3,3,270,3,0,0,0,0,0,0,0,0,0,0,0,0,0,0,0,0,0,0,0,0,0,0,0,0,0,Matches
Emilia Szymczak,DF,pl Poland,19-029,2006,3,3,270,3,0,0,0,0,0,0,1,0,0.4,0.4,0,0.4,0,4,0,0,0,0,0,0,0.13,0,0.13,0.13,0.13,Matches
Karina Sævik,FW,no Norway,29-114,1996,2,0,31,0.3,0,0,0,0,0,0,0,0,0,0,0.1,0.1,1,2,3,0,0,0,0,0,0,0.33,0.33,0,0.33,Matches
Klaudia S?owi?ska,MF,pl Poland,25-337,1999,2,0,33,0.4,0,0,0,0,0,0,1,0,0.1,0.1,0,0.1,0,0,2,0,0,0,0,0,0.14,0,0.14,0.14,0.14,Matches
Elisabeth Terland,FW,no Norway,24-018,2001,2,1,77,0.9,0,0,0,0,0,0,0,0,0.2,0.2,0,0.2,0,0,2,0,0,0,0,0,0.27,0,0.27,0.27,0.27,Matches
Jarne Teulings,MF,be Belgium,23-186,2002,3,3,246,2.7,0,0,0,0,0,0,1,0,0,0,0,0,0,12,5,0,0,0,0,0,0,0,0,0,0,Matches
Janni Thomsen,"MF,DF",dk Denmark,25-150,2000,3,3,240,2.7,1,0,1,1,0,0,0,0,0.8,0.8,0.2,1.1,10,2,15,0.37,0,0.37,0.37,0.37,0.31,0.09,0.4,0.31,0.4,Matches
Frederikke Th?gersen,DF,dk Denmark,29-357,1995,3,3,261,2.9,0,0,0,0,0,0,0,0,0,0,0.6,0.6,4,9,7,0,0,0,0,0,0,0.22,0.22,0,0.22,Matches
Sandie Toletti,MF,fr France,30-003,1995,3,2,146,1.6,1,0,1,1,0,0,0,0,0.1,0.1,0.1,0.3,3,10,2,0.62,0,0.62,0.62,0.62,0.07,0.08,0.15,0.07,0.15,Matches
Player,Pos,Squad,Age,Born,MP,Starts,Min,90s,Gls,Ast,G+A,G-PK,PK,PKatt,CrdY,CrdR,xG,npxG,xAG,npxG+xAG,PrgC,PrgP,PrgR,Gls,Ast,G+A,G-PK,G+A-PK,xG,xAG,xG+xAG,npxG,npxG+xAG,Matches
Mariam Toloba,MF,be Belgium,25-299,1999,3,3,232,2.6,0,0,0,0,0,0,0,0,0.5,0.5,0.1,0.6,5,6,7,0,0,0,0,0,0.21,0.03,0.24,0.21,0.24,Matches
Paulina Tomasiak,"MF,FW",pl Poland,23-195,2002,3,3,213,2.4,0,0,0,0,0,0,0,0,0.1,0.1,1,1.1,6,5,13,0,0,0,0,0,0.04,0.44,0.47,0.04,0.47,Matches
Ella Toone,MF,eng England,25-317,1999,3,2,151,1.7,2,2,4,2,0,0,1,0,1.6,1.6,0.8,2.5,1,9,7,1.19,1.19,2.38,1.19,2.38,0.98,0.49,1.48,0.98,1.48,Matches
Sanne Troelsgaard Nielsen,MF,dk Denmark,36-335,1988,2,0,32,0.4,0,0,0,0,0,0,0,0,0,0,0,0,0,2,1,0,0,0,0,0,0,0,0,0,0,Matches
Katla Tryggvadóttir,"FW,MF",is Iceland,20-072,2005,3,1,72,0.8,0,0,0,0,0,0,0,0,0.5,0.5,0,0.5,1,0,3,0,0,0,0,0,0.61,0,0.61,0.61,0.61,Matches
Joanna Tynnilä,DF,fi Finland,23-318,2001,3,3,266,3,0,0,0,0,0,0,0,0,0.1,0.1,0,0.1,7,15,4,0,0,0,0,0,0.03,0.01,0.04,0.03,0.04,Matches
Amber Tysiak,DF,be Belgium,25-171,2000,3,3,270,3,0,0,0,0,0,0,1,0,0.1,0.1,0,0.1,0,3,0,0,0,0,0,0,0.02,0,0.02,0.02,0.02,Matches
Smilla Vallotto,MF,ch Switzerland,21-115,2004,3,3,270,3,0,0,0,0,0,0,1,0,0.1,0.1,0.3,0.4,6,19,18,0,0,0,0,0,0.05,0.1,0.15,0.05,0.15,Matches
Ella Van Kerkhoven,FW,be Belgium,31-238,1993,1,0,4,0,0,0,0,0,0,0,0,0,0,0,0,0,0,0,0,0,0,0,0,0,0,0,0,0,0,Matches
Amalie Vangsgaard,FW,dk Denmark,28-229,1996,3,2,130,1.4,1,0,1,1,0,0,0,0,0.1,0.1,0.1,0.2,1,2,9,0.69,0,0.69,0.69,0.69,0.08,0.08,0.16,0.08,0.16,Matches
Justine Vanhaevermaet,MF,be Belgium,33-078,1992,3,3,266,3,1,0,1,1,0,0,1,0,0.6,0.6,0.1,0.8,1,10,4,0.34,0,0.34,0.34,0.34,0.21,0.05,0.26,0.21,0.26,Matches
Katrine Veje,DF,dk Denmark,34-027,1991,3,3,264,2.9,0,1,1,0,0,0,1,0,0,0,0.2,0.2,9,16,2,0,0.34,0.34,0,0.34,0,0.06,0.06,0,0.06,Matches
Keira Walsh,MF,eng England,28-099,1997,3,3,270,3,1,0,1,1,0,0,0,0,0.2,0.2,1,1.3,0,21,10,0.33,0,0.33,0.33,0.33,0.08,0.34,0.42,0.08,0.42,Matches
Lia Wälti,MF,ch Switzerland,32-088,1993,3,3,270,3,0,0,0,0,0,0,0,0,0,0,0.1,0.1,1,22,2,0,0,0,0,0,0.01,0.03,0.05,0.01,0.05,Matches
Carlotta Wamser,DF,de Germany,21-257,2003,3,2,171,1.9,0,2,2,0,0,0,0,1,0.1,0.1,0.9,1,5,16,9,0,1.05,1.05,0,1.05,0.03,0.48,0.52,0.03,0.52,Matches
Leila Wandeler,"FW,DF",ch Switzerland,19-096,2006,2,0,80,0.9,0,1,1,0,0,0,0,0,0,0,0.2,0.3,8,3,6,0,1.13,1.13,0,1.13,0.06,0.26,0.32,0.06,0.32,Matches
Ellen Wangerheim,FW,se Sweden,20-318,2004,2,0,26,0.3,0,0,0,0,0,0,0,0,0,0,0,0,0,2,2,0,0,0,0,0,0,0.14,0.14,0,0.14,Matches
Martyna Wiankowska,DF,pl Poland,28-204,1996,3,2,193,2.1,1,0,1,1,0,0,0,0,0.2,0.2,0,0.2,1,4,1,0.47,0,0.47,0.47,0.47,0.09,0,0.09,0.09,0.09,Matches
Sarah Wijnants,DF,be Belgium,25-276,1999,1,0,25,0.3,0,0,0,0,0,0,0,0,0,0,0,0,0,0,1,0,0,0,0,0,0,0,0,0,0,Matches
Leah Williamson,DF,eng England,28-109,1997,3,3,270,3,0,0,0,0,0,0,0,0,0.1,0.1,0,0.1,3,27,3,0,0,0,0,0,0.04,0,0.04,0.04,0.04,Matches
Lynn Wilms,DF,nl Netherlands,24-286,2000,2,1,117,1.3,0,0,0,0,0,0,0,0,0,0,0.1,0.1,2,5,5,0,0,0,0,0,0.02,0.09,0.11,0.02,0.11,Matches
Emilie Woldvik,DF,no Norway,26-189,1999,1,1,90,1,0,0,0,0,0,0,0,0,0,0,0,0,4,2,3,0,0,0,0,0,0,0,0,0,0,Matches
Lily Woodham,DF,wls Wales,24-316,2000,3,3,198,2.2,0,0,0,0,0,0,1,0,0,0,0.1,0.1,1,5,1,0,0,0,0,0,0.01,0.03,0.04,0.01,0.04,Matches
Oliwia Wo?,DF,pl Poland,25-335,1999,3,2,225,2.5,0,0,0,0,0,0,0,0,0,0,0,0,0,3,0,0,0,0,0,0,0,0,0,0,0,Matches
Tessa Wullaert,FW,be Belgium,32-119,1993,3,3,270,3,1,2,3,1,0,0,0,0,0.9,0.9,1.1,2.1,2,11,16,0.33,0.67,1,0.33,1,0.3,0.38,0.68,0.3,0.68,Matches
Player,Pos,Squad,Age,Born,MP,Starts,Min,90s,Gls,Ast,G+A,G-PK,PK,PKatt,CrdY,CrdR,xG,npxG,xAG,npxG+xAG,PrgC,PrgP,PrgR,Gls,Ast,G+A,G-PK,G+A-PK,xG,xAG,xG+xAG,npxG,npxG+xAG,Matches
Riola Xhemaili,"FW,MF",ch Switzerland,22-133,2003,2,1,72,0.8,1,0,1,1,0,0,0,0,0.3,0.3,0,0.3,1,6,2,1.25,0,1.25,1.25,1.25,0.39,0.03,0.43,0.39,0.43,Matches
Weronika Zawistowska,MF,pl Poland,25-211,1999,1,0,13,0.1,0,0,0,0,0,0,0,0,0,0,0,0,1,0,0,0,0,0,0,0,0,0,0,0,0,Matches
Cora Zical,FW,de Germany,,,1,0,1,0,0,0,0,0,0,0,0,0,0,0,0,0,1,0,0,0,0,0,0,0,0,0,0,0,0,Matches
Wiktoria Zieniewicz,DF,pl Poland,23-068,2002,2,1,110,1.2,0,0,0,0,0,0,0,0,0,0,0,0,3,3,2,0,0,0,0,0,0,0.03,0.03,0,0.03,Matches
Julia Zigiotti Olme,MF,se Sweden,27-204,1997,3,2,166,1.8,0,0,0,0,0,0,0,0,0,0,0,0,0,15,3,0,0,0,0,0,0,0.01,0.01,0,0.01,Matches
Maite Zubieta,MF,es Spain,21-049,2004,1,0,4,0,0,0,0,0,0,0,0,0,0,0,0,0,0,0,0,0,0,0,0,0,0,0,0,0,0,Matches
Marthine ?stenstad,DF,no Norway,24-120,2001,1,0,12,0.1,0,0,0,0,0,0,0,0,0,0,0,0,0,0,0,0,0,0,0,0,0,0,0,0,0,Matches
